# Cosmetic cream (oil-in-water emulsion), 25 degC, amplitude sweep at 1 Hz (6.283 rad/s), sandblasted plates.
# Columns: strain amplitude (-), G' (Pa), G'' (Pa).
strain_amplitude,G_storage_Pa,G_loss_Pa
0.0001,2019.7,403.29
0.00013335,1975.1,404.78
0.00017783,1984.9,402.94
0.00023714,2013.9,401.29
0.00031623,2005.2,408.57
0.0004217,2019.3,406.84
0.00056234,2010.3,404.56
0.00074989,2014.3,411.64
0.001,1985.4,412.12
0.0013335,1991,409.13
0.0017783,2004,422.11
0.0023714,1998.6,433.26
0.0031623,1993.7,444.45
0.004217,1946.3,454.78
0.0056234,1918.8,480.39
0.0074989,1883.3,510.86
0.01,1848.5,537.27
0.013335,1781.7,589.86
0.017783,1657.9,632.58
0.023714,1531,720.13
0.031623,1358.6,796.59
0.04217,1146,883.61
0.056234,900.4,1000.8
0.074989,690.12,1071.3
0.1,489.5,1114.3
0.13335,342.08,1089.1
0.17783,232.26,1015.2
0.23714,151.96,893.68
0.31623,98.535,767.97
0.4217,63.999,633.23
0.56234,40.351,512.31
0.74989,25.937,413.92
1,16.408,327.16
