# Bread dough (wheat flour, water, salt), 25 degC, parallel plates. Creep at a constant stress of 50 Pa
# for 120 s, then recovery at zero stress. Columns: time (s), shear stress (Pa), shear strain (-).
time_s,shear_stress_Pa,strain
0.0,50.0,0.009944
1.0,50.0,0.011189
2.0,50.0,0.011970
3.0,50.0,0.013023
4.0,50.0,0.013934
5.0,50.0,0.014670
6.0,50.0,0.015509
7.0,50.0,0.016411
8.0,50.0,0.017313
9.0,50.0,0.017951
10.0,50.0,0.018676
11.0,50.0,0.019159
12.0,50.0,0.020091
13.0,50.0,0.020818
14.0,50.0,0.021464
15.0,50.0,0.022073
16.0,50.0,0.022585
17.0,50.0,0.023162
18.0,50.0,0.023814
19.0,50.0,0.024245
20.0,50.0,0.024536
21.0,50.0,0.025359
22.0,50.0,0.025623
23.0,50.0,0.026325
24.0,50.0,0.026797
25.0,50.0,0.027129
26.0,50.0,0.027554
27.0,50.0,0.028046
28.0,50.0,0.028133
29.0,50.0,0.028638
30.0,50.0,0.028994
31.0,50.0,0.029219
32.0,50.0,0.029850
33.0,50.0,0.029914
34.0,50.0,0.030210
35.0,50.0,0.030612
36.0,50.0,0.030980
37.0,50.0,0.031099
38.0,50.0,0.031372
39.0,50.0,0.031747
40.0,50.0,0.031810
41.0,50.0,0.032123
42.0,50.0,0.032357
43.0,50.0,0.032630
44.0,50.0,0.032885
45.0,50.0,0.033302
46.0,50.0,0.033420
47.0,50.0,0.033537
48.0,50.0,0.033712
49.0,50.0,0.034016
50.0,50.0,0.034159
51.0,50.0,0.034388
52.0,50.0,0.034615
53.0,50.0,0.034548
54.0,50.0,0.034592
55.0,50.0,0.034978
56.0,50.0,0.035146
57.0,50.0,0.035322
58.0,50.0,0.035383
59.0,50.0,0.035566
60.0,50.0,0.035788
61.0,50.0,0.035932
62.0,50.0,0.036140
63.0,50.0,0.035922
64.0,50.0,0.036103
65.0,50.0,0.036539
66.0,50.0,0.036577
67.0,50.0,0.036715
68.0,50.0,0.036725
69.0,50.0,0.036820
70.0,50.0,0.037000
71.0,50.0,0.036995
72.0,50.0,0.037044
73.0,50.0,0.037191
74.0,50.0,0.037416
75.0,50.0,0.037569
76.0,50.0,0.037769
77.0,50.0,0.037738
78.0,50.0,0.037843
79.0,50.0,0.038058
80.0,50.0,0.037903
81.0,50.0,0.037975
82.0,50.0,0.038106
83.0,50.0,0.038237
84.0,50.0,0.038534
85.0,50.0,0.038381
86.0,50.0,0.038629
87.0,50.0,0.038533
88.0,50.0,0.038709
89.0,50.0,0.038807
90.0,50.0,0.038870
91.0,50.0,0.038969
92.0,50.0,0.038901
93.0,50.0,0.039190
94.0,50.0,0.039216
95.0,50.0,0.039121
96.0,50.0,0.039313
97.0,50.0,0.039226
98.0,50.0,0.039413
99.0,50.0,0.039356
100.0,50.0,0.039614
101.0,50.0,0.039907
102.0,50.0,0.039824
103.0,50.0,0.039817
104.0,50.0,0.039720
105.0,50.0,0.039913
106.0,50.0,0.040058
107.0,50.0,0.039995
108.0,50.0,0.040080
109.0,50.0,0.039961
110.0,50.0,0.040108
111.0,50.0,0.040070
112.0,50.0,0.040508
113.0,50.0,0.040425
114.0,50.0,0.040511
115.0,50.0,0.040478
116.0,50.0,0.040412
117.0,50.0,0.040636
118.0,50.0,0.040613
119.0,50.0,0.040639
120.0,50.0,0.040800
121.0,0.0,0.029833
122.0,0.0,0.028870
123.0,0.0,0.027913
124.0,0.0,0.027030
125.0,0.0,0.026300
126.0,0.0,0.025626
127.0,0.0,0.024579
128.0,0.0,0.023939
129.0,0.0,0.023282
130.0,0.0,0.022604
131.0,0.0,0.021909
132.0,0.0,0.021535
133.0,0.0,0.020781
134.0,0.0,0.020064
135.0,0.0,0.019419
136.0,0.0,0.019057
137.0,0.0,0.018709
138.0,0.0,0.018088
139.0,0.0,0.017364
140.0,0.0,0.017003
141.0,0.0,0.016716
142.0,0.0,0.016391
143.0,0.0,0.015895
144.0,0.0,0.015508
145.0,0.0,0.015229
146.0,0.0,0.014889
147.0,0.0,0.014352
148.0,0.0,0.014134
149.0,0.0,0.013677
150.0,0.0,0.013360
151.0,0.0,0.013234
152.0,0.0,0.012751
153.0,0.0,0.012640
154.0,0.0,0.012395
155.0,0.0,0.012200
156.0,0.0,0.011759
157.0,0.0,0.011682
158.0,0.0,0.011410
159.0,0.0,0.011359
160.0,0.0,0.010932
161.0,0.0,0.010699
162.0,0.0,0.010671
163.0,0.0,0.010354
164.0,0.0,0.010136
165.0,0.0,0.010189
166.0,0.0,0.009981
167.0,0.0,0.009472
168.0,0.0,0.009543
169.0,0.0,0.009382
170.0,0.0,0.009420
171.0,0.0,0.009371
172.0,0.0,0.009303
173.0,0.0,0.009047
174.0,0.0,0.008750
175.0,0.0,0.008634
176.0,0.0,0.008544
177.0,0.0,0.008585
178.0,0.0,0.008563
179.0,0.0,0.008149
180.0,0.0,0.008310
181.0,0.0,0.008254
182.0,0.0,0.008108
183.0,0.0,0.008319
184.0,0.0,0.007970
185.0,0.0,0.007845
186.0,0.0,0.007830
187.0,0.0,0.007646
188.0,0.0,0.007523
189.0,0.0,0.007611
190.0,0.0,0.007623
191.0,0.0,0.007425
192.0,0.0,0.007484
193.0,0.0,0.007300
194.0,0.0,0.007448
195.0,0.0,0.007256
196.0,0.0,0.007239
197.0,0.0,0.007216
198.0,0.0,0.006960
199.0,0.0,0.007034
200.0,0.0,0.007195
201.0,0.0,0.006975
202.0,0.0,0.007073
203.0,0.0,0.006985
204.0,0.0,0.006678
205.0,0.0,0.006898
206.0,0.0,0.006686
207.0,0.0,0.006790
208.0,0.0,0.006692
209.0,0.0,0.006707
210.0,0.0,0.006670
211.0,0.0,0.006675
212.0,0.0,0.006581
213.0,0.0,0.006466
214.0,0.0,0.006476
215.0,0.0,0.006646
216.0,0.0,0.006705
217.0,0.0,0.006535
218.0,0.0,0.006576
219.0,0.0,0.006570
220.0,0.0,0.006318
221.0,0.0,0.006249
222.0,0.0,0.006414
223.0,0.0,0.006214
224.0,0.0,0.006360
225.0,0.0,0.006224
226.0,0.0,0.006295
227.0,0.0,0.006268
228.0,0.0,0.006382
229.0,0.0,0.006252
230.0,0.0,0.006190
231.0,0.0,0.006297
232.0,0.0,0.006578
233.0,0.0,0.006319
234.0,0.0,0.006065
235.0,0.0,0.006258
236.0,0.0,0.006497
237.0,0.0,0.006247
238.0,0.0,0.006349
239.0,0.0,0.006323
240.0,0.0,0.006323
241.0,0.0,0.006301
242.0,0.0,0.006217
243.0,0.0,0.006163
244.0,0.0,0.006146
245.0,0.0,0.006179
246.0,0.0,0.006203
247.0,0.0,0.006027
248.0,0.0,0.006120
249.0,0.0,0.006138
250.0,0.0,0.006148
251.0,0.0,0.006100
252.0,0.0,0.006207
253.0,0.0,0.006111
254.0,0.0,0.006079
255.0,0.0,0.005988
256.0,0.0,0.006030
257.0,0.0,0.006126
258.0,0.0,0.006111
259.0,0.0,0.005892
260.0,0.0,0.006184
261.0,0.0,0.006018
262.0,0.0,0.005994
263.0,0.0,0.006193
264.0,0.0,0.006194
265.0,0.0,0.006004
266.0,0.0,0.006037
267.0,0.0,0.005947
268.0,0.0,0.006148
269.0,0.0,0.006154
270.0,0.0,0.006018
271.0,0.0,0.006198
272.0,0.0,0.006149
273.0,0.0,0.006042
274.0,0.0,0.006125
275.0,0.0,0.005885
276.0,0.0,0.006022
277.0,0.0,0.006072
278.0,0.0,0.006044
279.0,0.0,0.006248
280.0,0.0,0.006072
281.0,0.0,0.006076
282.0,0.0,0.005905
283.0,0.0,0.006018
284.0,0.0,0.005957
285.0,0.0,0.006269
286.0,0.0,0.005991
287.0,0.0,0.006043
288.0,0.0,0.006151
289.0,0.0,0.006094
290.0,0.0,0.005886
291.0,0.0,0.006090
292.0,0.0,0.006097
293.0,0.0,0.006006
294.0,0.0,0.006070
295.0,0.0,0.006033
296.0,0.0,0.005883
297.0,0.0,0.005965
298.0,0.0,0.006022
299.0,0.0,0.005961
300.0,0.0,0.006072
