# Gelling food system (e.g. a protein gel), 25 degC, repeated small-amplitude frequency sweeps during gelation.
# Columns: time (min), angular frequency (rad/s), G' (Pa), G'' (Pa).
time_min,omega_rad_s,G_storage_Pa,G_loss_Pa
0.0,1,0.10234,0.13882
0.0,3.162,0.078577,0.28746
0.0,10,0.05826,0.53087
0.0,31.62,0.042595,1.003
1.0,1,0.11155,0.15276
1.0,3.162,0.0905,0.30836
1.0,10,0.070455,0.57643
1.0,31.62,0.054506,1.1177
2.0,1,0.11627,0.16504
2.0,3.162,0.10411,0.33054
2.0,10,0.0835,0.654
2.0,31.62,0.065349,1.271
3.0,1,0.13174,0.18271
3.0,3.162,0.11876,0.36575
3.0,10,0.10395,0.71145
3.0,31.62,0.088622,1.4018
4.0,1,0.14111,0.19936
4.0,3.162,0.14166,0.41529
4.0,10,0.12367,0.78971
4.0,31.62,0.11291,1.5972
5.0,1,0.15775,0.22409
5.0,3.162,0.1549,0.4571
5.0,10,0.15056,0.90749
5.0,31.62,0.13401,1.8032
6.0,1,0.17498,0.2459
6.0,3.162,0.19232,0.51036
6.0,10,0.18385,1.0258
6.0,31.62,0.17892,2.0053
7.0,1,0.19516,0.27263
7.0,3.162,0.20985,0.59091
7.0,10,0.2234,1.1483
7.0,31.62,0.21606,2.258
8.0,1,0.21045,0.29879
8.0,3.162,0.25171,0.64687
8.0,10,0.26722,1.2747
8.0,31.62,0.28897,2.4325
9.0,1,0.23616,0.32434
9.0,3.162,0.28888,0.69652
9.0,10,0.32992,1.4224
9.0,31.62,0.3693,2.9781
10.0,1,0.27322,0.37149
10.0,3.162,0.33879,0.7763
10.0,10,0.38799,1.57
10.0,31.62,0.46181,3.2945
11.0,1,0.29059,0.40966
11.0,3.162,0.37421,0.84938
11.0,10,0.48576,1.7609
11.0,31.62,0.57439,3.7351
12.0,1,0.32916,0.45203
12.0,3.162,0.44262,0.97691
12.0,10,0.57028,1.9974
12.0,31.62,0.75384,4.002
13.0,1,0.34982,0.49838
13.0,3.162,0.52342,1.1032
13.0,10,0.70534,2.2929
13.0,31.62,0.91392,4.632
14.0,1,0.41162,0.57186
14.0,3.162,0.56432,1.2228
14.0,10,0.85102,2.5836
14.0,31.62,1.1837,4.9587
15.0,1,0.45111,0.63609
15.0,3.162,0.69702,1.3207
15.0,10,1.0021,2.8582
15.0,31.62,1.4812,5.6471
16.0,1,0.50767,0.72627
16.0,3.162,0.82114,1.4591
16.0,10,1.2339,3.0317
16.0,31.62,1.9462,6.3702
17.0,1,0.57157,0.7858
17.0,3.162,0.94091,1.6497
17.0,10,1.5366,3.3717
17.0,31.62,2.3006,7.2367
18.0,1,0.63886,0.91237
18.0,3.162,1.0976,1.7958
18.0,10,1.7717,3.8181
18.0,31.62,2.9445,7.8666
19.0,1,0.71392,0.99305
19.0,3.162,1.2746,2.1086
19.0,10,2.1212,4.2089
19.0,31.62,3.6884,8.4322
20.0,1,0.82648,1.1291
20.0,3.162,1.462,2.2787
20.0,10,2.6297,4.7693
20.0,31.62,4.7141,9.5297
21.0,1,0.91717,1.2439
21.0,3.162,1.664,2.5895
21.0,10,3.0958,5.1488
21.0,31.62,5.7815,10.649
22.0,1,1.0078,1.3901
22.0,3.162,1.9656,2.8518
22.0,10,3.6761,5.8256
22.0,31.62,7.0341,11.054
23.0,1,1.1317,1.5367
23.0,3.162,2.293,3.1664
23.0,10,4.4058,5.9648
23.0,31.62,8.3948,12.453
24.0,1,1.2475,1.8131
24.0,3.162,2.5849,3.4701
24.0,10,5.2121,6.715
24.0,31.62,10.323,12.99
25.0,1,1.4545,2.0173
25.0,3.162,2.978,3.8395
25.0,10,6.0631,7.5123
25.0,31.62,12.151,14.16
26.0,1,1.614,2.2282
26.0,3.162,3.4695,4.2652
26.0,10,7.3144,8.3443
26.0,31.62,15.768,15.622
27.0,1,1.8867,2.6219
27.0,3.162,4.015,4.6139
27.0,10,8.7532,8.6603
27.0,31.62,19.004,16.881
28.0,1,2.0497,2.7885
28.0,3.162,4.532,5.2475
28.0,10,10.323,9.3254
28.0,31.62,22.081,16.43
29.0,1,2.3886,3.2048
29.0,3.162,5.3152,5.8024
29.0,10,11.985,10.386
29.0,31.62,26.408,17.234
30.0,1,2.5777,3.5168
30.0,3.162,6.1832,6.2168
30.0,10,14.391,11.105
30.0,31.62,30.592,18.149
31.0,1,2.9674,4.1193
31.0,3.162,6.9139,7.0734
31.0,10,16.431,12.186
31.0,31.62,35.109,19.827
32.0,1,3.2018,4.6085
32.0,3.162,8.0002,8.0729
32.0,10,18.864,12.998
32.0,31.62,39.659,19.754
33.0,1,3.8314,5.2964
33.0,3.162,9.0908,8.5401
33.0,10,21.418,13.916
33.0,31.62,46.783,20.484
34.0,1,4.062,5.7821
34.0,3.162,10.737,9.5973
34.0,10,23.644,14.705
34.0,31.62,53.359,20.064
35.0,1,4.8739,6.327
35.0,3.162,12.07,10.705
35.0,10,28.436,15.184
35.0,31.62,60.391,20.419
36.0,1,5.4553,7.3347
36.0,3.162,14.167,11.105
36.0,10,33.171,16.944
36.0,31.62,69.755,20.689
37.0,1,5.9771,8.4324
37.0,3.162,15.801,12.531
37.0,10,35.495,17.12
37.0,31.62,78.105,20.793
38.0,1,6.8076,9.2385
38.0,3.162,18.389,13.703
38.0,10,42.211,17.854
38.0,31.62,86.209,20.517
39.0,1,7.5817,10.442
39.0,3.162,21.061,15.257
39.0,10,48.199,18.736
39.0,31.62,96.04,21.069
40.0,1,8.5021,11.863
40.0,3.162,23.581,17.107
40.0,10,54.89,20.127
40.0,31.62,116.35,20.957
41.0,1,9.9054,13.475
41.0,3.162,26.775,18.479
41.0,10,62.595,21.355
41.0,31.62,128.71,21.93
42.0,1,11.154,14.492
42.0,3.162,30.571,20.543
42.0,10,68.931,22.026
42.0,31.62,150.65,21.179
43.0,1,12.734,17.498
43.0,3.162,35.557,22.227
43.0,10,80.821,23.044
43.0,31.62,160.51,21.259
44.0,1,13.496,19.076
44.0,3.162,40.396,23.481
44.0,10,89.019,23.699
44.0,31.62,195.28,20.754
45.0,1,15.77,21.268
45.0,3.162,45.872,27.172
45.0,10,104.07,25.18
45.0,31.62,213.22,21.595
46.0,1,16.982,24.596
46.0,3.162,52.525,29.365
46.0,10,119.06,26.294
46.0,31.62,241.64,20.858
47.0,1,20.17,27.454
47.0,3.162,59.76,32.676
47.0,10,131.19,26.859
47.0,31.62,261.96,21.225
48.0,1,23.023,29.999
48.0,3.162,68.417,33.056
48.0,10,147.76,28.647
48.0,31.62,300.17,20.839
49.0,1,25.218,35.664
49.0,3.162,79.713,39.127
49.0,10,171.67,29.829
49.0,31.62,349.1,20.85
50.0,1,28.09,40.45
50.0,3.162,89.409,42.152
50.0,10,192.2,30.367
50.0,31.62,377.82,21.732
51.0,1,32.994,43.454
51.0,3.162,98.331,45.081
51.0,10,219.96,31.955
51.0,31.62,428.07,21.741
52.0,1,36.837,49.409
52.0,3.162,111.78,50.35
52.0,10,237.92,33.324
52.0,31.62,495.5,21.372
53.0,1,41.807,54.582
53.0,3.162,128.53,53.984
53.0,10,277.44,35.32
53.0,31.62,541.01,21.911
54.0,1,46.687,64.397
54.0,3.162,144.03,58.658
54.0,10,319.48,36.349
54.0,31.62,626.93,21.407
55.0,1,50.484,71.545
55.0,3.162,167.47,63.017
55.0,10,350.8,37.834
55.0,31.62,682.28,21.6
56.0,1,57.235,81.627
56.0,3.162,186.66,68.79
56.0,10,396.72,40.012
56.0,31.62,807.06,21.056
57.0,1,66.083,89.7
57.0,3.162,205.9,76.804
57.0,10,437.32,40.428
57.0,31.62,902.15,20.657
58.0,1,75.471,101.16
58.0,3.162,234.68,81.018
58.0,10,495.82,42.904
58.0,31.62,1038.6,21.491
59.0,1,85.064,114.58
59.0,3.162,270.47,89.289
59.0,10,568.06,44.553
59.0,31.62,1110.8,21.936
60.0,1,92.448,130.3
60.0,3.162,312.45,95.367
60.0,10,654.8,44.922
60.0,31.62,1263.4,20.176
