Rheometer export;;;;
Sample;Ketchup (tomato ketchup, retail);;;
Operator;JM;;;
Date;14.03.2026;;;
Geometry;PP25/S (sandblasted plate, 25 mm), gap 1,000 mm;;;

Test;Amplitude sweep;;;
Temperature;25,0 °C;;;
Frequency;1 Hz;;;
Point;Strain;Storage modulus;Loss modulus;Status
;%;Pa;Pa;
1;0,01;254,72;60,452;ok
2;0,015849;253,16;61,647;ok
3;0,025119;252,13;60,199;ok
4;0,039811;243,59;61,01;ok
5;0,063096;246,53;61,435;ok
6;0,1;248,77;63,988;ok
7;0,15849;240,94;63,908;ok
8;0,25119;238,29;68,118;ok
9;0,39811;230,89;71,359;ok
10;0,63096;222,61;78,311;ok
11;1;206,52;88,738;ok
12;1,5849;180,76;100,9;ok
13;2,5119;140,67;120,56;ok
14;3,9811;100,12;136;ok
15;6,3096;64,29;144,14;ok
16;10;39,904;149,15;ok
17;15,849;22,266;134,02;ok
18;25,119;12,286;111,02;ok
19;39,811;6,4273;89,173;ok
20;63,096;3,4046;68,31;ok
21;100;1,8397;53,231;ok

Test;Frequency sweep;;;
Temperature;25,0 °C;;;
Strain;0,5 %;;;
Point;Angular frequency;Storage modulus;Loss modulus;Status
;rad/s;Pa;Pa;
1;0,1;175,32;38,687;ok
2;0,15849;186,99;42,575;ok
3;0,25119;196,83;44,94;ok
4;0,39811;208,06;48,188;ok
5;0,63096;213,28;52,897;ok
6;1;229,16;55,403;ok
7;1,5849;236,17;58,38;ok
8;2,5119;259,33;62,369;ok
9;3,9811;271,59;68,825;ok
10;6,3096;288,21;70,77;ok
11;10;302,89;77,118;ok
12;15,849;322,02;82,42;ok
13;25,119;328,54;90,556;ok
14;39,811;359,76;95,295;ok
15;63,096;388,42;102,71;ok
16;100;402,1;106,71;ok

Test;Flow curve (up);;;
Temperature;25,0 °C;;;
Point;Shear rate;Shear stress;Viscosity;Status
;1/s;Pa;mPa·s;
1;0,01;25,182;2,5182e+06;Steady state not reached
2;0,017783;25,744;1,4477e+06;Steady state not reached
3;0,031623;16,33;5,1639e+05;ok
4;0,056234;16,644;2,9597e+05;ok
5;0,1;17,213;1,7213e+05;ok
6;0,17783;17,547;98672;ok
7;0,31623;18,496;58489;ok
8;0,56234;18,484;32870;ok
9;1;19,453;19453;ok
10;1,7783;20,324;11429;ok
11;3,1623;22,424;7091;ok
12;5,6234;23,835;4238,5;ok
13;10;24,414;2441,4;ok
14;17,783;26,633;1497,7;ok
15;31,623;30,626;968,46;ok
16;56,234;34,135;607,01;ok
17;100;37,96;379,6;ok
18;177,83;41,358;232,57;ok
19;316,23;48,193;152,4;ok

Test;Flow curve (down);;;
Temperature;25,0 °C;;;
Point;Shear rate;Shear stress;Viscosity;Status
;1/s;Pa;mPa·s;
1;316,23;48,198;152,42;ok
2;177,83;38,78;218,08;ok
3;100;34,261;342,61;ok
4;56,234;30,135;535,88;ok
5;31,623;26,95;852,25;ok
6;17,783;23,437;1317,9;ok
7;10;---;---;Measurement failed
8;5,6234;20,975;3729,9;ok
9;3,1623;19,733;6240,1;ok
10;1,7783;17,885;10057;ok
11;1;17,119;17119;ok
12;0,56234;16,266;28926;ok
13;0,31623;16,276;51470;ok
14;0,17783;15,441;86831;ok
15;0,1;15,148;1,5148e+05;ok
16;0,056234;14,647;2,6046e+05;ok
17;0,031623;14,37;4,5442e+05;ok
18;0,017783;14,159;7,9623e+05;ok
19;0,01;13,85;1,385e+06;ok
