# Water-based wall paint, 23 degC, concentric cylinders. Shear rate ramped linearly from 0 to 200 1/s in 60 s
# and back to 0 in 60 s, after 30 min rest. Columns: time (s), ramp direction, shear rate (1/s), shear stress (Pa).
time_s,direction,shear_rate_1_s,shear_stress_Pa
0.00,up,0,3.0299
1.00,up,3.333,4.097
2.00,up,6.667,3.8472
3.00,up,10,2.9333
4.00,up,13.33,2.167
5.00,up,16.67,1.8226
6.00,up,20,1.8498
7.00,up,23.33,2.0257
8.00,up,26.67,2.2994
9.00,up,30,2.5381
10.00,up,33.33,2.8002
11.00,up,36.67,3.0905
12.00,up,40,3.2974
13.00,up,43.33,3.5975
14.00,up,46.67,3.8277
15.00,up,50,4.0865
16.00,up,53.33,4.4453
17.00,up,56.67,4.6953
18.00,up,60,4.9365
19.00,up,63.33,5.2436
20.00,up,66.67,5.4623
21.00,up,70,5.7848
22.00,up,73.33,5.9241
23.00,up,76.67,6.2309
24.00,up,80,6.5307
25.00,up,83.33,6.7051
26.00,up,86.67,6.9917
27.00,up,90,7.2155
28.00,up,93.33,7.6217
29.00,up,96.67,7.8012
30.00,up,100,8.1249
31.00,up,103.3,8.4131
32.00,up,106.7,8.6225
33.00,up,110,8.9043
34.00,up,113.3,9.181
35.00,up,116.7,9.4746
36.00,up,120,9.8307
37.00,up,123.3,9.8601
38.00,up,126.7,10.243
39.00,up,130,10.377
40.00,up,133.3,10.922
41.00,up,136.7,10.836
42.00,up,140,11.318
43.00,up,143.3,11.519
44.00,up,146.7,11.766
45.00,up,150,12.184
46.00,up,153.3,12.43
47.00,up,156.7,12.513
48.00,up,160,12.957
49.00,up,163.3,13.202
50.00,up,166.7,13.332
51.00,up,170,13.502
52.00,up,173.3,14.073
53.00,up,176.7,14.328
54.00,up,180,14.57
55.00,up,183.3,14.686
56.00,up,186.7,15.209
57.00,up,190,15.823
58.00,up,193.3,15.586
59.00,up,196.7,15.911
60.00,up,200,15.965
61.00,down,196.7,15.702
62.00,down,193.3,15.833
63.00,down,190,15.641
64.00,down,186.7,14.991
65.00,down,183.3,14.666
66.00,down,180,14.363
67.00,down,176.7,14.142
68.00,down,173.3,13.968
69.00,down,170,13.527
70.00,down,166.7,13.334
71.00,down,163.3,13.285
72.00,down,160,12.873
73.00,down,156.7,12.531
74.00,down,153.3,12.218
75.00,down,150,12.224
76.00,down,146.7,11.706
77.00,down,143.3,11.546
78.00,down,140,11.408
79.00,down,136.7,11.088
80.00,down,133.3,10.794
81.00,down,130,10.528
82.00,down,126.7,10.134
83.00,down,123.3,9.8929
84.00,down,120,9.653
85.00,down,116.7,9.1662
86.00,down,113.3,9.1272
87.00,down,110,8.89
88.00,down,106.7,8.6254
89.00,down,103.3,8.356
90.00,down,100,8.1165
91.00,down,96.67,7.8549
92.00,down,93.33,7.6916
93.00,down,90,7.3128
94.00,down,86.67,7.0953
95.00,down,83.33,6.7294
96.00,down,80,6.5243
97.00,down,76.67,6.2552
98.00,down,73.33,5.9576
99.00,down,70,5.609
100.00,down,66.67,5.3668
101.00,down,63.33,5.1963
102.00,down,60,4.9047
103.00,down,56.67,4.63
104.00,down,53.33,4.3461
105.00,down,50,4.1135
106.00,down,46.67,3.8661
107.00,down,43.33,3.6454
108.00,down,40,3.3126
109.00,down,36.67,3.0424
110.00,down,33.33,2.7901
111.00,down,30,2.5469
112.00,down,26.67,2.3051
113.00,down,23.33,1.9993
114.00,down,20,1.6995
115.00,down,16.67,1.4606
116.00,down,13.33,1.1835
117.00,down,10,0.92525
118.00,down,6.667,0.68391
119.00,down,3.333,0.4071
120.00,down,0,0.14016
