# Polystyrene-like melt, small-amplitude oscillatory shear (frequency sweeps) at six temperatures,
# parallel plates 25 mm, strain within the linear range. Columns: temperature (degC), angular frequency (rad/s), G' (Pa), G'' (Pa).
temperature_C,omega_rad_s,G_storage_Pa,G_loss_Pa
150,0.1,1.3964e+06,3.9942e+05
150,0.15849,1.5341e+06,3.8434e+05
150,0.25119,1.541e+06,4.1397e+05
150,0.39811,1.601e+06,4.4127e+05
150,0.63096,1.8842e+06,4.9848e+05
150,1,1.9293e+06,5.0563e+05
150,1.5849,2.1246e+06,5.6196e+05
150,2.5119,2.2627e+06,6.3711e+05
150,3.9811,2.3856e+06,7.5512e+05
150,6.3096,2.7656e+06,9.1425e+05
150,10,3.0513e+06,9.5669e+05
150,15.849,3.2509e+06,1.0009e+06
150,25.119,3.4946e+06,1.2367e+06
150,39.811,3.9236e+06,1.3469e+06
150,63.096,4.3922e+06,1.4918e+06
150,100,5.068e+06,1.3481e+06
160,0.1,6.9972e+05,3.9083e+05
160,0.15849,8.6194e+05,3.8018e+05
160,0.25119,9.451e+05,3.5547e+05
160,0.39811,1.0325e+06,3.4842e+05
160,0.63096,1.1005e+06,3.4853e+05
160,1,1.272e+06,4.0542e+05
160,1.5849,1.3469e+06,4.0142e+05
160,2.5119,1.4264e+06,3.8809e+05
160,3.9811,1.6152e+06,4.1265e+05
160,6.3096,1.6647e+06,4.5527e+05
160,10,1.826e+06,5.0424e+05
160,15.849,2.0592e+06,5.1308e+05
160,25.119,2.1667e+06,5.3948e+05
160,39.811,2.2784e+06,6.3025e+05
160,63.096,2.4791e+06,7.4416e+05
160,100,2.6364e+06,8.6271e+05
170,0.1,1.8557e+05,2.4985e+05
170,0.15849,2.7618e+05,2.9657e+05
170,0.25119,3.8018e+05,3.2352e+05
170,0.39811,4.9048e+05,3.4795e+05
170,0.63096,6.0751e+05,3.6508e+05
170,1,7.4749e+05,3.7987e+05
170,1.5849,8.4789e+05,3.6387e+05
170,2.5119,9.6751e+05,3.4432e+05
170,3.9811,1.0478e+06,3.5531e+05
170,6.3096,1.1362e+06,3.7938e+05
170,10,1.2494e+06,3.9693e+05
170,15.849,1.4002e+06,3.9286e+05
170,25.119,1.5194e+06,3.8238e+05
170,39.811,1.5518e+06,4.1055e+05
170,63.096,1.7025e+06,4.5983e+05
170,100,1.853e+06,5.2489e+05
180,0.1,15553,76832
180,0.15849,34908,1.1472e+05
180,0.25119,71086,1.6124e+05
180,0.39811,1.1642e+05,2.0503e+05
180,0.63096,1.8986e+05,2.5332e+05
180,1,2.8121e+05,3.0158e+05
180,1.5849,3.8689e+05,3.3564e+05
180,2.5119,5.1368e+05,3.4816e+05
180,3.9811,6.3983e+05,3.8336e+05
180,6.3096,7.5232e+05,4.0163e+05
180,10,8.7131e+05,3.7327e+05
180,15.849,9.3377e+05,3.3784e+05
180,25.119,1.0142e+06,3.5395e+05
180,39.811,1.1534e+06,3.6851e+05
180,63.096,1.2635e+06,3.8853e+05
180,100,1.3569e+06,4.0348e+05
200,0.1,58.05,4975.6
200,0.15849,143.53,7659.4
200,0.25119,350.17,12183
200,0.39811,891.43,18640
200,0.63096,2287.1,31705
200,1,5625.8,48306
200,1.5849,13699,73237
200,2.5119,31631,1.0874e+05
200,3.9811,62361,1.5366e+05
200,6.3096,1.1284e+05,1.9669e+05
200,10,1.7692e+05,2.4966e+05
200,15.849,2.6153e+05,2.9065e+05
200,25.119,3.6733e+05,3.3444e+05
200,39.811,4.8739e+05,3.4888e+05
200,63.096,5.8027e+05,3.814e+05
200,100,7.3735e+05,3.8399e+05
220,0.1,0.91365,593.78
220,0.15849,2.4219,957.19
220,0.25119,5.8267,1525.5
220,0.39811,14.479,2373.1
220,0.63096,36.203,3747.5
220,1,88.963,6057.8
220,1.5849,232.99,9748.3
220,2.5119,590.23,14983
220,3.9811,1431,23604
220,6.3096,3669.6,37588
220,10,8645.1,59007
220,15.849,19649,88168
220,25.119,43647,1.2835e+05
220,39.811,82897,1.7419e+05
220,63.096,1.4077e+05,2.181e+05
220,100,2.1958e+05,2.7141e+05
