# Dilute polyethylene oxide solution (0.1 wt%, inkjet-type fluid), 22 degC, capillary break-up (CaBER), plates 6 mm,
# surface tension 0.062 N/m. Columns: time after plate separation (s), mid-filament diameter (m).
time_s,diameter_m
0.0000,0.0003521
0.0020,0.0003312
0.0040,0.000313
0.0060,0.0002961
0.0080,0.0002794
0.0100,0.0002646
0.0120,0.0002513
0.0140,0.0002369
0.0160,0.000224
0.0180,0.0002121
0.0200,0.0002009
0.0220,0.0001898
0.0240,0.0001792
0.0260,0.0001696
0.0280,0.0001613
0.0300,0.0001518
0.0320,0.0001437
0.0340,0.0001354
0.0360,0.0001287
0.0380,0.0001223
0.0400,0.0001134
0.0420,0.0001092
0.0440,0.0001037
0.0460,9.756e-05
0.0480,9.164e-05
0.0500,8.824e-05
0.0520,8.354e-05
0.0540,7.72e-05
0.0560,7.434e-05
0.0580,7.012e-05
0.0600,6.405e-05
0.0620,6.287e-05
0.0640,5.775e-05
0.0660,5.599e-05
0.0680,5.145e-05
0.0700,5.06e-05
0.0720,4.974e-05
0.0740,4.417e-05
0.0760,4.144e-05
0.0780,3.848e-05
0.0800,3.689e-05
0.0820,3.692e-05
0.0840,3.398e-05
0.0860,3.037e-05
0.0880,3.012e-05
0.0900,2.834e-05
0.0920,2.778e-05
0.0940,2.521e-05
0.0960,2.471e-05
0.0980,2.29e-05
0.1000,2.006e-05
0.1020,1.953e-05
0.1040,2.078e-05
0.1060,1.878e-05
0.1080,1.761e-05
0.1100,1.646e-05
0.1120,1.395e-05
0.1140,1.447e-05
0.1160,1.438e-05
0.1180,1.394e-05
0.1200,1.354e-05
0.1220,1.22e-05
0.1240,1.177e-05
0.1260,1.002e-05
0.1280,1.143e-05
0.1300,8.503e-06
0.1320,9.302e-06
0.1340,8.224e-06
0.1360,9.295e-06
0.1380,7.46e-06
0.1400,7.93e-06
0.1420,6.096e-06
0.1440,7.638e-06
0.1460,7.062e-06
0.1480,7.342e-06
0.1500,5.178e-06
0.1520,6.09e-06
0.1540,5.618e-06
0.1560,5.805e-06
0.1580,5.14e-06
0.1600,4.357e-06
0.1620,5.12e-06
0.1640,1.051e-06
0.1660,3.221e-06
0.1680,2.5e-06
0.1700,4.336e-06
0.1720,2.829e-06
0.1740,3.607e-06
0.1760,2.857e-06
0.1780,3.667e-06
0.1800,3.265e-06
0.1820,2.315e-06
0.1840,2.702e-06
0.1860,2.087e-06
0.1880,1.524e-06
0.1900,2.375e-06
0.1920,3.337e-06
0.1940,2.55e-06
0.1960,8.076e-07
0.1980,2.369e-06
0.2000,6.32e-07
0.2020,0
0.2040,1.995e-07
0.2060,1.182e-06
0.2080,0
0.2100,9.319e-07
0.2120,1.778e-06
0.2140,3.917e-07
0.2160,7.738e-07
0.2180,0
0.2200,0
0.2220,3.062e-07
0.2240,0
0.2260,3.469e-07
0.2280,0
0.2300,2.352e-07
0.2320,5.939e-07
0.2340,1.453e-06
0.2360,2.849e-07
0.2380,0
0.2400,9.582e-08
0.2420,0
0.2440,0
0.2460,3.152e-07
0.2480,6.31e-07
0.2500,2.905e-07
