# Polymer melt at 200 degC, capillary rheometer. Four dies of radius 0.5 mm and different lengths;
# at each piston speed (flow rate) the TOTAL pressure drop is recorded (entrance losses included).
# Columns: die length (mm), die radius (mm), volumetric flow rate (m3/s), pressure drop (Pa).
die_length_mm,die_radius_mm,flow_rate_m3_s,pressure_drop_Pa
2.5,0.5,9.81748e-10,258540
5,0.5,9.81748e-10,408503
10,0.5,9.81748e-10,713262
16,0.5,9.81748e-10,1.0559e+06
2.5,0.5,1.74582e-09,330782
5,0.5,1.74582e-09,510951
10,0.5,1.74582e-09,879746
16,0.5,1.74582e-09,1.33473e+06
2.5,0.5,3.10456e-09,416690
5,0.5,3.10456e-09,637627
10,0.5,3.10456e-09,1.07609e+06
16,0.5,3.10456e-09,1.60541e+06
2.5,0.5,5.52077e-09,521315
5,0.5,5.52077e-09,785420
10,0.5,5.52077e-09,1.32412e+06
16,0.5,5.52077e-09,1.99842e+06
2.5,0.5,9.81748e-09,630788
5,0.5,9.81748e-09,978664
10,0.5,9.81748e-09,1.64078e+06
16,0.5,9.81748e-09,2.39143e+06
2.5,0.5,1.74582e-08,791389
5,0.5,1.74582e-08,1.15543e+06
10,0.5,1.74582e-08,1.93881e+06
16,0.5,1.74582e-08,2.81494e+06
2.5,0.5,3.10456e-08,966649
5,0.5,3.10456e-08,1.41245e+06
10,0.5,3.10456e-08,2.32254e+06
16,0.5,3.10456e-08,3.43926e+06
2.5,0.5,5.52077e-08,1.18275e+06
5,0.5,5.52077e-08,1.70698e+06
10,0.5,5.52077e-08,2.76508e+06
16,0.5,5.52077e-08,4.03657e+06
2.5,0.5,9.81748e-08,1.44049e+06
5,0.5,9.81748e-08,2.07752e+06
10,0.5,9.81748e-08,3.41106e+06
16,0.5,9.81748e-08,4.86308e+06
2.5,0.5,1.74582e-07,1.79798e+06
5,0.5,1.74582e-07,2.51764e+06
10,0.5,1.74582e-07,4.06555e+06
16,0.5,1.74582e-07,5.76958e+06
2.5,0.5,3.10456e-07,2.18342e+06
5,0.5,3.10456e-07,3.16677e+06
10,0.5,3.10456e-07,4.86263e+06
16,0.5,3.10456e-07,7.12427e+06
