# Semi-dilute polymer solution (polyacrylamide in glycerol-water), 25 degC, cone-plate with normal-force transducer.
# Start-up of steady shear at four rates. Linear spectrum from a frequency sweep: g = 60, 25, 8 Pa at tau = 0.02, 0.2, 2 s.
# Columns: shear rate (1/s), time (s), shear stress (Pa), first normal-stress difference N1 (Pa).
shear_rate_1_s,time_s,shear_stress_Pa,N1_Pa
0.1,0.001,0.0090304,9.1239e-07
0.1,0.0013043,0.011982,1.4618e-06
0.1,0.0017013,0.015577,2.426e-06
0.1,0.002219,0.019729,4.215e-06
0.1,0.0028943,0.025468,7.2208e-06
0.1,0.0037751,0.033404,1.1822e-05
0.1,0.0049239,0.041869,1.9785e-05
0.1,0.0064223,0.053562,3.2729e-05
0.1,0.0083768,0.067317,5.4976e-05
0.1,0.010926,0.085641,9.098e-05
0.1,0.014251,0.10816,0.00013477
0.1,0.018588,0.13381,0.00022608
0.1,0.024245,0.1626,0.00034471
0.1,0.031623,0.19467,0.00053743
0.1,0.041246,0.23355,0.00078258
0.1,0.053798,0.27045,0.0011822
0.1,0.07017,0.32369,0.0018578
0.1,0.091525,0.36961,0.0026942
0.1,0.11938,0.4368,0.0039516
0.1,0.15571,0.51278,0.0063261
0.1,0.20309,0.59666,0.008832
0.1,0.2649,0.681,0.013449
0.1,0.34551,0.78682,0.019956
0.1,0.45066,0.90257,0.027839
0.1,0.5878,1.0069,0.041081
0.1,0.76668,1.133,0.053469
0.1,1,1.2281,0.074258
0.1,1.3043,1.361,0.11064
0.1,1.7013,1.516,0.15751
0.1,2.219,1.676,0.22104
0.1,2.8943,1.8502,0.29216
0.1,3.7751,1.9774,0.36343
0.1,4.9239,2.0179,0.45808
0.1,6.4223,2.1421,0.52072
0.1,8.3768,2.1798,0.60527
0.1,10.926,2.1805,0.62745
0.1,14.251,2.1787,0.6356
0.1,18.588,2.1534,0.65561
0.1,24.245,2.1884,0.64579
0.1,31.623,2.1646,0.60766
1,0.001,0.092547,8.6876e-05
1,0.0013043,0.11824,0.00015294
1,0.0017013,0.15411,0.00026134
1,0.002219,0.19879,0.000417
1,0.0028943,0.2558,0.00072786
1,0.0037751,0.33168,0.0012272
1,0.0049239,0.42741,0.002075
1,0.0064223,0.53178,0.0033437
1,0.0083768,0.68526,0.0053752
1,0.010926,0.8707,0.0086897
1,0.014251,1.0547,0.013393
1,0.018588,1.3112,0.021965
1,0.024245,1.5997,0.03236
1,0.031623,1.9347,0.05473
1,0.041246,2.29,0.081212
1,0.053798,2.7045,0.11629
1,0.07017,3.2373,0.18152
1,0.091525,3.7713,0.2846
1,0.11938,4.3696,0.39803
1,0.15571,5.1065,0.62497
1,0.20309,5.9836,0.87153
1,0.2649,6.7857,1.3377
1,0.34551,7.863,1.95
1,0.45066,8.9014,2.7307
1,0.5878,9.9819,3.9431
1,0.76668,10.932,5.2019
1,1,12.207,7.4215
1,1.3043,13.126,10.603
1,1.7013,14.367,14.526
1,2.219,14.924,17.847
1,2.8943,14.818,22.022
1,3.7751,14.777,23.598
1,4.9239,14.188,23.273
1,6.4223,13.999,22.418
1,8.3768,13.795,24.057
1,10.926,13.965,22.159
1,14.251,13.723,21.844
1,18.588,13.965,21.988
1,24.245,13.769,22.486
1,31.623,13.969,23.516
10,0.001,0.907,0.0089028
10,0.0013043,1.1912,0.01514
10,0.0017013,1.5508,0.025547
10,0.002219,1.9627,0.042657
10,0.0028943,2.5264,0.071906
10,0.0037751,3.316,0.12216
10,0.0049239,4.2223,0.1949
10,0.0064223,5.3468,0.33014
10,0.0083768,6.8407,0.58925
10,0.010926,8.5184,0.90937
10,0.014251,10.56,1.3699
10,0.018588,12.908,2.1752
10,0.024245,16.204,3.4524
10,0.031623,19.532,5.1967
10,0.041246,23.193,7.8105
10,0.053798,27.263,12.431
10,0.07017,31.514,16.861
10,0.091525,37.39,25.35
10,0.11938,42.124,38.1
10,0.15571,48.715,57.334
10,0.20309,54.191,79.246
10,0.2649,58.182,112.01
10,0.34551,62.111,137.36
10,0.45066,62.745,181.72
10,0.5878,61.136,200.27
10,0.76668,57.562,220.65
10,1,53.023,222.5
10,1.3043,49.697,210.97
10,1.7013,47.478,180.94
10,2.219,47.053,186.6
10,2.8943,47.766,178.18
10,3.7751,48.701,193.02
10,4.9239,47.885,190.85
10,6.4223,48.509,183.11
10,8.3768,47.672,175.58
10,10.926,48.276,183.9
10,14.251,47.913,177.79
10,18.588,47.613,185.13
10,24.245,48.572,187.17
10,31.623,48.543,180.2
100,0.001,9.2924,0.8821
100,0.0013043,11.935,1.518
100,0.0017013,15.206,2.5411
100,0.002219,19.994,4.5023
100,0.0028943,25.73,6.6881
100,0.0037751,33.205,11.432
100,0.0049239,42.983,20.336
100,0.0064223,53.658,34.242
100,0.0083768,67.273,53.601
100,0.010926,83.522,86.778
100,0.014251,102.36,136.29
100,0.018588,117.69,205.37
100,0.024245,138.15,328.55
100,0.031623,157.98,441.01
100,0.041246,170.27,597.19
100,0.053798,175.42,783.53
100,0.07017,179.17,954.53
100,0.091525,172.75,1150.8
100,0.11938,160.01,1194.3
100,0.15571,146.98,1338.4
100,0.20309,130.76,1282.4
100,0.2649,122.3,1171.8
100,0.34551,115.6,1017.7
100,0.45066,110.74,996.89
100,0.5878,110.71,943.99
100,0.76668,108.41,915.38
100,1,109.46,916.29
100,1.3043,110.96,877.99
100,1.7013,110.3,927.75
100,2.219,108.66,946.95
100,2.8943,109.08,916.62
100,3.7751,106.91,946.76
100,4.9239,109.41,906.73
100,6.4223,111.34,863.59
100,8.3768,110.69,944.97
100,10.926,107.55,922.68
100,14.251,109.3,886.8
100,18.588,108.31,935.61
100,24.245,111.02,884.87
100,31.623,108.68,938.45
