# Toothpaste, 25 degC, smooth parallel plates (R = 20 mm) at three gaps, stress-controlled steady shear.
# Columns: gap (mm), rim shear stress (Pa), apparent rim shear rate omega R / h (1/s).
gap_mm,shear_stress_Pa,apparent_shear_rate_1_s
0.5,60,0.96878
0.5,77.5,1.2362
0.5,100.1,1.5808
0.5,129.3,2.2367
0.5,167,6.7148
0.5,215.6,23.869
0.5,278.5,64.12
0.5,359.7,157.86
0.5,464.6,351.05
0.5,600,725.85
1,60,0.4683
1,77.5,0.61182
1,100.1,0.79767
1,129.3,1.1261
1,167,5.4764
1,215.6,21.679
1,278.5,60.409
1,359.7,149.31
1,464.6,335.37
1,600,717.33
2,60,0.24996
2,77.5,0.30764
2,100.1,0.40241
2,129.3,0.61507
2,167,4.6366
2,215.6,19.774
2,278.5,61.672
2,359.7,156.29
2,464.6,339.79
2,600,733.46
