# 0.5 wt% xanthan gum in water, 25 degC. Cone-plate: R = 25 mm, cone angle 1.0 deg. Steady-state flow curve.
# Columns: shear rate (1/s), shear stress (Pa), viscosity (Pa s), torque (N m).
shear_rate_1_s,shear_stress_Pa,viscosity_Pa_s,torque_Nm
0.01,0.34265,34.265,1.1213e-05
0.014678,0.51033,34.768,1.67e-05
0.021544,0.70859,32.89,2.3188e-05
0.031623,1.0821,34.22,3.5413e-05
0.046416,1.4869,32.034,4.8658e-05
0.068129,1.9566,28.719,6.4031e-05
0.1,2.4894,24.894,8.1466e-05
0.14678,3.0444,20.741,9.9628e-05
0.21544,3.4915,16.206,0.00011426
0.31623,3.9521,12.498,0.00012933
0.46416,4.4927,9.6791,0.00014702
0.68129,4.9564,7.275,0.0001622
1,5.4092,5.4092,0.00017702
1.4678,5.9603,4.0607,0.00019505
2.1544,6.5983,3.0626,0.00021593
3.1623,7.1547,2.2625,0.00023414
4.6416,7.9117,1.7045,0.00025891
6.8129,8.8798,1.3034,0.00029059
10,9.6474,0.96474,0.00031571
14.678,10.365,0.70617,0.0003392
21.544,11.626,0.53964,0.00038047
31.623,13.107,0.41447,0.00042891
46.416,14.195,0.30583,0.00046454
68.129,15.685,0.23022,0.00051328
100,17.59,0.1759,0.00057563
146.78,19.901,0.13558,0.00065125
215.44,20.927,0.097133,0.00068483
316.23,24.166,0.07642,0.00079083
464.16,25.489,0.054915,0.00083413
681.29,29.197,0.042856,0.00095548
1000,31.773,0.031773,0.0010398
