# Stirred yoghurt, 10 degC, serrated plates, oscillatory shear at 1 Hz (6.283 rad/s), five strain amplitudes;
# one steady-state cycle each. Columns: strain amplitude (-), time (s), strain (-), shear stress (Pa).
strain_amplitude,time_s,strain,shear_stress_Pa
0.005,0.00000,0,0.56725
0.005,0.00391,0.000122706,0.53944
0.005,0.00781,0.000245338,0.57734
0.005,0.01172,0.000367823,0.61937
0.005,0.01562,0.000490086,0.65529
0.005,0.01953,0.000612053,0.72702
0.005,0.02344,0.000733652,0.7262
0.005,0.02734,0.000854809,0.81406
0.005,0.03125,0.000975452,0.81911
0.005,0.03516,0.00109551,0.86186
0.005,0.03906,0.0012149,0.88858
0.005,0.04297,0.00133356,0.89387
0.005,0.04688,0.00145142,0.91999
0.005,0.05078,0.00156841,0.9901
0.005,0.05469,0.00168445,1.0256
0.005,0.05859,0.00179948,1.0431
0.005,0.06250,0.00191342,1.0659
0.005,0.06641,0.00202621,1.0967
0.005,0.07031,0.00213778,1.1273
0.005,0.07422,0.00224806,1.1292
0.005,0.07812,0.00235698,1.1798
0.005,0.08203,0.00246449,1.2054
0.005,0.08594,0.00257051,1.2018
0.005,0.08984,0.00267499,1.2117
0.005,0.09375,0.00277785,1.2764
0.005,0.09766,0.00287904,1.2704
0.005,0.10156,0.0029785,1.2882
0.005,0.10547,0.00307616,1.3204
0.005,0.10938,0.00317197,1.3735
0.005,0.11328,0.00326586,1.39
0.005,0.11719,0.00335779,1.4116
0.005,0.12109,0.0034477,1.4572
0.005,0.12500,0.00353553,1.4556
0.005,0.12891,0.00362124,1.4895
0.005,0.13281,0.00370476,1.4832
0.005,0.13672,0.00378604,1.513
0.005,0.14062,0.00386505,1.5356
0.005,0.14453,0.00394173,1.5559
0.005,0.14844,0.00401604,1.5317
0.005,0.15234,0.00408792,1.5268
0.005,0.15625,0.00415735,1.5583
0.005,0.16016,0.00422427,1.5894
0.005,0.16406,0.00428864,1.6017
0.005,0.16797,0.00435043,1.5852
0.005,0.17188,0.00440961,1.5959
0.005,0.17578,0.00446612,1.6218
0.005,0.17969,0.00451995,1.6028
0.005,0.18359,0.00457105,1.6147
0.005,0.18750,0.0046194,1.6215
0.005,0.19141,0.00466496,1.6039
0.005,0.19531,0.00470772,1.5939
0.005,0.19922,0.00474764,1.6487
0.005,0.20312,0.0047847,1.5962
0.005,0.20703,0.00481888,1.5856
0.005,0.21094,0.00485016,1.5954
0.005,0.21484,0.00487851,1.5975
0.005,0.21875,0.00490393,1.594
0.005,0.22266,0.00492639,1.5768
0.005,0.22656,0.00494588,1.5827
0.005,0.23047,0.0049624,1.5939
0.005,0.23438,0.00497592,1.5498
0.005,0.23828,0.00498645,1.5448
0.005,0.24219,0.00499398,1.5551
0.005,0.24609,0.00499849,1.5016
0.005,0.25000,0.005,1.4838
0.005,0.25391,0.00499849,1.4766
0.005,0.25781,0.00499398,1.4701
0.005,0.26172,0.00498645,1.4702
0.005,0.26562,0.00497592,1.4103
0.005,0.26953,0.0049624,1.4081
0.005,0.27344,0.00494588,1.3818
0.005,0.27734,0.00492639,1.3541
0.005,0.28125,0.00490393,1.3387
0.005,0.28516,0.00487851,1.3516
0.005,0.28906,0.00485016,1.3189
0.005,0.29297,0.00481888,1.2973
0.005,0.29688,0.0047847,1.2817
0.005,0.30078,0.00474764,1.2548
0.005,0.30469,0.00470772,1.23
0.005,0.30859,0.00466496,1.2294
0.005,0.31250,0.0046194,1.1827
0.005,0.31641,0.00457105,1.0992
0.005,0.32031,0.00451995,1.1272
0.005,0.32422,0.00446612,1.106
0.005,0.32812,0.00440961,1.0696
0.005,0.33203,0.00435043,1.0221
0.005,0.33594,0.00428864,0.98516
0.005,0.33984,0.00422427,0.97296
0.005,0.34375,0.00415735,0.9528
0.005,0.34766,0.00408792,0.92468
0.005,0.35156,0.00401604,0.84727
0.005,0.35547,0.00394173,0.85149
0.005,0.35938,0.00386505,0.8345
0.005,0.36328,0.00378604,0.79262
0.005,0.36719,0.00370476,0.78872
0.005,0.37109,0.00362124,0.70001
0.005,0.37500,0.00353553,0.65675
0.005,0.37891,0.0034477,0.65694
0.005,0.38281,0.00335779,0.63199
0.005,0.38672,0.00326586,0.55399
0.005,0.39062,0.00317197,0.53566
0.005,0.39453,0.00307616,0.50247
0.005,0.39844,0.0029785,0.46881
0.005,0.40234,0.00287904,0.44589
0.005,0.40625,0.00277785,0.42694
0.005,0.41016,0.00267499,0.34046
0.005,0.41406,0.00257051,0.30715
0.005,0.41797,0.00246449,0.2493
0.005,0.42188,0.00235698,0.24944
0.005,0.42578,0.00224806,0.17929
0.005,0.42969,0.00213778,0.16194
0.005,0.43359,0.00202621,0.12912
0.005,0.43750,0.00191342,0.10511
0.005,0.44141,0.00179948,0.04333
0.005,0.44531,0.00168445,-0.0026123
0.005,0.44922,0.00156841,-0.043849
0.005,0.45312,0.00145142,-0.055393
0.005,0.45703,0.00133356,-0.11626
0.005,0.46094,0.0012149,-0.14817
0.005,0.46484,0.00109551,-0.17494
0.005,0.46875,0.000975452,-0.20444
0.005,0.47266,0.000854809,-0.24516
0.005,0.47656,0.000733652,-0.32623
0.005,0.48047,0.000612053,-0.35898
0.005,0.48438,0.000490086,-0.37267
0.005,0.48828,0.000367823,-0.40672
0.005,0.49219,0.000245338,-0.44921
0.005,0.49609,0.000122706,-0.4692
0.005,0.50000,6.12323e-19,-0.50225
0.005,0.50391,-0.000122706,-0.5659
0.005,0.50781,-0.000245338,-0.59799
0.005,0.51172,-0.000367823,-0.61885
0.005,0.51562,-0.000490086,-0.65818
0.005,0.51953,-0.000612053,-0.72477
0.005,0.52344,-0.000733652,-0.76454
0.005,0.52734,-0.000854809,-0.80687
0.005,0.53125,-0.000975452,-0.81171
0.005,0.53516,-0.00109551,-0.85497
0.005,0.53906,-0.0012149,-0.88959
0.005,0.54297,-0.00133356,-0.93651
0.005,0.54688,-0.00145142,-0.9439
0.005,0.55078,-0.00156841,-0.99973
0.005,0.55469,-0.00168445,-1.0251
0.005,0.55859,-0.00179948,-1.042
0.005,0.56250,-0.00191342,-1.0582
0.005,0.56641,-0.00202621,-1.0945
0.005,0.57031,-0.00213778,-1.1123
0.005,0.57422,-0.00224806,-1.1527
0.005,0.57812,-0.00235698,-1.1858
0.005,0.58203,-0.00246449,-1.2108
0.005,0.58594,-0.00257051,-1.2461
0.005,0.58984,-0.00267499,-1.2559
0.005,0.59375,-0.00277785,-1.2613
0.005,0.59766,-0.00287904,-1.2922
0.005,0.60156,-0.0029785,-1.3154
0.005,0.60547,-0.00307616,-1.3431
0.005,0.60938,-0.00317197,-1.3668
0.005,0.61328,-0.00326586,-1.3893
0.005,0.61719,-0.00335779,-1.4282
0.005,0.62109,-0.0034477,-1.4477
0.005,0.62500,-0.00353553,-1.4627
0.005,0.62891,-0.00362124,-1.4489
0.005,0.63281,-0.00370476,-1.4906
0.005,0.63672,-0.00378604,-1.4852
0.005,0.64062,-0.00386505,-1.5285
0.005,0.64453,-0.00394173,-1.5277
0.005,0.64844,-0.00401604,-1.5516
0.005,0.65234,-0.00408792,-1.5359
0.005,0.65625,-0.00415735,-1.5256
0.005,0.66016,-0.00422427,-1.5874
0.005,0.66406,-0.00428864,-1.571
0.005,0.66797,-0.00435043,-1.5969
0.005,0.67188,-0.00440961,-1.5784
0.005,0.67578,-0.00446612,-1.5682
0.005,0.67969,-0.00451995,-1.6087
0.005,0.68359,-0.00457105,-1.5873
0.005,0.68750,-0.0046194,-1.6081
0.005,0.69141,-0.00466496,-1.6196
0.005,0.69531,-0.00470772,-1.6145
0.005,0.69922,-0.00474764,-1.5886
0.005,0.70312,-0.0047847,-1.599
0.005,0.70703,-0.00481888,-1.6046
0.005,0.71094,-0.00485016,-1.6024
0.005,0.71484,-0.00487851,-1.605
0.005,0.71875,-0.00490393,-1.5784
0.005,0.72266,-0.00492639,-1.547
0.005,0.72656,-0.00494588,-1.577
0.005,0.73047,-0.0049624,-1.5822
0.005,0.73438,-0.00497592,-1.5489
0.005,0.73828,-0.00498645,-1.5352
0.005,0.74219,-0.00499398,-1.514
0.005,0.74609,-0.00499849,-1.5381
0.005,0.75000,-0.005,-1.4988
0.005,0.75391,-0.00499849,-1.502
0.005,0.75781,-0.00499398,-1.4493
0.005,0.76172,-0.00498645,-1.4426
0.005,0.76562,-0.00497592,-1.4406
0.005,0.76953,-0.0049624,-1.4392
0.005,0.77344,-0.00494588,-1.369
0.005,0.77734,-0.00492639,-1.383
0.005,0.78125,-0.00490393,-1.3453
0.005,0.78516,-0.00487851,-1.3705
0.005,0.78906,-0.00485016,-1.3149
0.005,0.79297,-0.00481888,-1.2818
0.005,0.79688,-0.0047847,-1.3068
0.005,0.80078,-0.00474764,-1.2428
0.005,0.80469,-0.00470772,-1.2018
0.005,0.80859,-0.00466496,-1.2216
0.005,0.81250,-0.0046194,-1.1735
0.005,0.81641,-0.00457105,-1.1505
0.005,0.82031,-0.00451995,-1.1279
0.005,0.82422,-0.00446612,-1.0999
0.005,0.82812,-0.00440961,-1.0759
0.005,0.83203,-0.00435043,-1.0447
0.005,0.83594,-0.00428864,-1.0035
0.005,0.83984,-0.00422427,-0.97093
0.005,0.84375,-0.00415735,-0.96326
0.005,0.84766,-0.00408792,-0.91991
0.005,0.85156,-0.00401604,-0.87658
0.005,0.85547,-0.00394173,-0.82632
0.005,0.85938,-0.00386505,-0.79328
0.005,0.86328,-0.00378604,-0.78015
0.005,0.86719,-0.00370476,-0.74406
0.005,0.87109,-0.00362124,-0.73483
0.005,0.87500,-0.00353553,-0.67588
0.005,0.87891,-0.0034477,-0.67289
0.005,0.88281,-0.00335779,-0.613
0.005,0.88672,-0.00326586,-0.5923
0.005,0.89062,-0.00317197,-0.5473
0.005,0.89453,-0.00307616,-0.49626
0.005,0.89844,-0.0029785,-0.45844
0.005,0.90234,-0.00287904,-0.40438
0.005,0.90625,-0.00277785,-0.38401
0.005,0.91016,-0.00267499,-0.35845
0.005,0.91406,-0.00257051,-0.30207
0.005,0.91797,-0.00246449,-0.3017
0.005,0.92188,-0.00235698,-0.20927
0.005,0.92578,-0.00224806,-0.23305
0.005,0.92969,-0.00213778,-0.14925
0.005,0.93359,-0.00202621,-0.11271
0.005,0.93750,-0.00191342,-0.092428
0.005,0.94141,-0.00179948,-0.051612
0.005,0.94531,-0.00168445,-0.029883
0.005,0.94922,-0.00156841,0.034699
0.005,0.95312,-0.00145142,0.080366
0.005,0.95703,-0.00133356,0.10151
0.005,0.96094,-0.0012149,0.15579
0.005,0.96484,-0.00109551,0.19851
0.005,0.96875,-0.000975452,0.21349
0.005,0.97266,-0.000854809,0.27802
0.005,0.97656,-0.000733652,0.30987
0.005,0.98047,-0.000612053,0.34172
0.005,0.98438,-0.000490086,0.39084
0.005,0.98828,-0.000367823,0.42116
0.005,0.99219,-0.000245338,0.44189
0.005,0.99609,-0.000122706,0.48042
0.02,0.00000,0,1.7633
0.02,0.00391,0.000490825,1.9679
0.02,0.00781,0.000981353,2.053
0.02,0.01172,0.00147129,2.1603
0.02,0.01562,0.00196034,2.3327
0.02,0.01953,0.00244821,2.3956
0.02,0.02344,0.00293461,2.6891
0.02,0.02734,0.00341924,2.8469
0.02,0.03125,0.00390181,3.0024
0.02,0.03516,0.00438202,3.0887
0.02,0.03906,0.0048596,3.1222
0.02,0.04297,0.00533426,3.2923
0.02,0.04688,0.00580569,3.4077
0.02,0.05078,0.00627363,3.5929
0.02,0.05469,0.0067378,3.7821
0.02,0.05859,0.0071979,3.6613
0.02,0.06250,0.00765367,3.974
0.02,0.06641,0.00810483,4.0872
0.02,0.07031,0.0085511,4.2108
0.02,0.07422,0.00899223,4.3553
0.02,0.07812,0.00942793,4.3724
0.02,0.08203,0.00985796,4.6055
0.02,0.08594,0.0102821,4.6777
0.02,0.08984,0.0107,4.7536
0.02,0.09375,0.0111114,4.8759
0.02,0.09766,0.0115162,4.9515
0.02,0.10156,0.011914,5.0879
0.02,0.10547,0.0123046,5.2197
0.02,0.10938,0.0126879,5.1949
0.02,0.11328,0.0130635,5.3498
0.02,0.11719,0.0134312,5.4327
0.02,0.12109,0.0137908,5.5486
0.02,0.12500,0.0141421,5.617
0.02,0.12891,0.0144849,5.602
0.02,0.13281,0.014819,5.8251
0.02,0.13672,0.0151442,5.9471
0.02,0.14062,0.0154602,5.8951
0.02,0.14453,0.0157669,6.0189
0.02,0.14844,0.0160642,6.0273
0.02,0.15234,0.0163517,6.1455
0.02,0.15625,0.0166294,6.1752
0.02,0.16016,0.0168971,6.313
0.02,0.16406,0.0171546,6.2542
0.02,0.16797,0.0174017,6.3769
0.02,0.17188,0.0176384,6.329
0.02,0.17578,0.0178645,6.3772
0.02,0.17969,0.0180798,6.4516
0.02,0.18359,0.0182842,6.3663
0.02,0.18750,0.0184776,6.4386
0.02,0.19141,0.0186599,6.5693
0.02,0.19531,0.0188309,6.4856
0.02,0.19922,0.0189906,6.4529
0.02,0.20312,0.0191388,6.4527
0.02,0.20703,0.0192755,6.5523
0.02,0.21094,0.0194006,6.5069
0.02,0.21484,0.019514,6.538
0.02,0.21875,0.0196157,6.3392
0.02,0.22266,0.0197056,6.4508
0.02,0.22656,0.0197835,6.4288
0.02,0.23047,0.0198496,6.5002
0.02,0.23438,0.0199037,6.4749
0.02,0.23828,0.0199458,6.4216
0.02,0.24219,0.0199759,6.2034
0.02,0.24609,0.019994,6.3391
0.02,0.25000,0.02,6.3052
0.02,0.25391,0.019994,6.114
0.02,0.25781,0.0199759,6.1218
0.02,0.26172,0.0199458,6.0669
0.02,0.26562,0.0199037,5.9453
0.02,0.26953,0.0198496,5.9112
0.02,0.27344,0.0197835,5.7778
0.02,0.27734,0.0197056,5.7656
0.02,0.28125,0.0196157,5.6689
0.02,0.28516,0.019514,5.6139
0.02,0.28906,0.0194006,5.6363
0.02,0.29297,0.0192755,5.3572
0.02,0.29688,0.0191388,5.414
0.02,0.30078,0.0189906,5.2506
0.02,0.30469,0.0188309,5.1502
0.02,0.30859,0.0186599,4.9131
0.02,0.31250,0.0184776,5.0141
0.02,0.31641,0.0182842,4.7713
0.02,0.32031,0.0180798,4.6792
0.02,0.32422,0.0178645,4.6144
0.02,0.32812,0.0176384,4.4995
0.02,0.33203,0.0174017,4.3504
0.02,0.33594,0.0171546,4.3858
0.02,0.33984,0.0168971,4.2162
0.02,0.34375,0.0166294,4.2093
0.02,0.34766,0.0163517,3.8801
0.02,0.35156,0.0160642,3.752
0.02,0.35547,0.0157669,3.8051
0.02,0.35938,0.0154602,3.4644
0.02,0.36328,0.0151442,3.4347
0.02,0.36719,0.014819,3.2637
0.02,0.37109,0.0144849,3.132
0.02,0.37500,0.0141421,2.92
0.02,0.37891,0.0137908,2.8302
0.02,0.38281,0.0134312,2.8635
0.02,0.38672,0.0130635,2.6049
0.02,0.39062,0.0126879,2.5511
0.02,0.39453,0.0123046,2.2674
0.02,0.39844,0.011914,2.1731
0.02,0.40234,0.0115162,2.0609
0.02,0.40625,0.0111114,1.9131
0.02,0.41016,0.0107,1.7114
0.02,0.41406,0.0102821,1.5797
0.02,0.41797,0.00985796,1.4975
0.02,0.42188,0.00942793,1.2969
0.02,0.42578,0.00899223,1.0092
0.02,0.42969,0.0085511,0.93417
0.02,0.43359,0.00810483,0.75006
0.02,0.43750,0.00765367,0.55956
0.02,0.44141,0.0071979,0.57115
0.02,0.44531,0.0067378,0.43596
0.02,0.44922,0.00627363,0.16271
0.02,0.45312,0.00580569,0.039799
0.02,0.45703,0.00533426,0.037665
0.02,0.46094,0.0048596,-0.25485
0.02,0.46484,0.00438202,-0.40253
0.02,0.46875,0.00390181,-0.52852
0.02,0.47266,0.00341924,-0.61542
0.02,0.47656,0.00293461,-0.81922
0.02,0.48047,0.00244821,-0.93282
0.02,0.48438,0.00196034,-1.2167
0.02,0.48828,0.00147129,-1.2468
0.02,0.49219,0.000981353,-1.458
0.02,0.49609,0.000490825,-1.6535
0.02,0.50000,2.44929e-18,-1.7123
0.02,0.50391,-0.000490825,-1.729
0.02,0.50781,-0.000981353,-2.0268
0.02,0.51172,-0.00147129,-2.1183
0.02,0.51562,-0.00196034,-2.3469
0.02,0.51953,-0.00244821,-2.5739
0.02,0.52344,-0.00293461,-2.578
0.02,0.52734,-0.00341924,-2.82
0.02,0.53125,-0.00390181,-2.9076
0.02,0.53516,-0.00438202,-2.9019
0.02,0.53906,-0.0048596,-3.2843
0.02,0.54297,-0.00533426,-3.2773
0.02,0.54688,-0.00580569,-3.4
0.02,0.55078,-0.00627363,-3.5437
0.02,0.55469,-0.0067378,-3.7325
0.02,0.55859,-0.0071979,-3.8095
0.02,0.56250,-0.00765367,-4.0097
0.02,0.56641,-0.00810483,-3.9695
0.02,0.57031,-0.0085511,-4.182
0.02,0.57422,-0.00899223,-4.2259
0.02,0.57812,-0.00942793,-4.4483
0.02,0.58203,-0.00985796,-4.4874
0.02,0.58594,-0.0102821,-4.6116
0.02,0.58984,-0.0107,-4.8419
0.02,0.59375,-0.0111114,-4.7708
0.02,0.59766,-0.0115162,-4.8026
0.02,0.60156,-0.011914,-5.0122
0.02,0.60547,-0.0123046,-5.2696
0.02,0.60938,-0.0126879,-5.3334
0.02,0.61328,-0.0130635,-5.518
0.02,0.61719,-0.0134312,-5.5161
0.02,0.62109,-0.0137908,-5.4347
0.02,0.62500,-0.0141421,-5.5676
0.02,0.62891,-0.0144849,-5.7799
0.02,0.63281,-0.014819,-5.8776
0.02,0.63672,-0.0151442,-5.912
0.02,0.64062,-0.0154602,-5.8697
0.02,0.64453,-0.0157669,-5.976
0.02,0.64844,-0.0160642,-5.9744
0.02,0.65234,-0.0163517,-6.1746
0.02,0.65625,-0.0166294,-6.1809
0.02,0.66016,-0.0168971,-6.2883
0.02,0.66406,-0.0171546,-6.3032
0.02,0.66797,-0.0174017,-6.3553
0.02,0.67188,-0.0176384,-6.395
0.02,0.67578,-0.0178645,-6.3735
0.02,0.67969,-0.0180798,-6.4753
0.02,0.68359,-0.0182842,-6.4817
0.02,0.68750,-0.0184776,-6.5542
0.02,0.69141,-0.0186599,-6.4362
0.02,0.69531,-0.0188309,-6.417
0.02,0.69922,-0.0189906,-6.412
0.02,0.70312,-0.0191388,-6.4923
0.02,0.70703,-0.0192755,-6.549
0.02,0.71094,-0.0194006,-6.6039
0.02,0.71484,-0.019514,-6.6034
0.02,0.71875,-0.0196157,-6.5262
0.02,0.72266,-0.0197056,-6.5841
0.02,0.72656,-0.0197835,-6.4298
0.02,0.73047,-0.0198496,-6.4349
0.02,0.73438,-0.0199037,-6.5058
0.02,0.73828,-0.0199458,-6.3932
0.02,0.74219,-0.0199759,-6.2791
0.02,0.74609,-0.019994,-6.2088
0.02,0.75000,-0.02,-6.2132
0.02,0.75391,-0.019994,-6.1247
0.02,0.75781,-0.0199759,-6.0827
0.02,0.76172,-0.0199458,-6.0689
0.02,0.76562,-0.0199037,-5.9625
0.02,0.76953,-0.0198496,-5.8945
0.02,0.77344,-0.0197835,-5.8683
0.02,0.77734,-0.0197056,-5.7389
0.02,0.78125,-0.0196157,-5.6784
0.02,0.78516,-0.019514,-5.5711
0.02,0.78906,-0.0194006,-5.5114
0.02,0.79297,-0.0192755,-5.4261
0.02,0.79688,-0.0191388,-5.4538
0.02,0.80078,-0.0189906,-5.0901
0.02,0.80469,-0.0188309,-5.1012
0.02,0.80859,-0.0186599,-5.0216
0.02,0.81250,-0.0184776,-4.8344
0.02,0.81641,-0.0182842,-4.7807
0.02,0.82031,-0.0180798,-4.7083
0.02,0.82422,-0.0178645,-4.5878
0.02,0.82812,-0.0176384,-4.4106
0.02,0.83203,-0.0174017,-4.3883
0.02,0.83594,-0.0171546,-4.377
0.02,0.83984,-0.0168971,-4.2689
0.02,0.84375,-0.0166294,-3.9595
0.02,0.84766,-0.0163517,-3.9395
0.02,0.85156,-0.0160642,-3.7662
0.02,0.85547,-0.0157669,-3.6796
0.02,0.85938,-0.0154602,-3.5155
0.02,0.86328,-0.0151442,-3.4686
0.02,0.86719,-0.014819,-3.2499
0.02,0.87109,-0.0144849,-3.2938
0.02,0.87500,-0.0141421,-3.0272
0.02,0.87891,-0.0137908,-2.9596
0.02,0.88281,-0.0134312,-2.7316
0.02,0.88672,-0.0130635,-2.5848
0.02,0.89062,-0.0126879,-2.4587
0.02,0.89453,-0.0123046,-2.2955
0.02,0.89844,-0.011914,-2.2754
0.02,0.90234,-0.0115162,-2.0851
0.02,0.90625,-0.0111114,-1.8821
0.02,0.91016,-0.0107,-1.6954
0.02,0.91406,-0.0102821,-1.555
0.02,0.91797,-0.00985796,-1.5343
0.02,0.92188,-0.00942793,-1.1879
0.02,0.92578,-0.00899223,-1.1296
0.02,0.92969,-0.0085511,-0.86564
0.02,0.93359,-0.00810483,-0.7753
0.02,0.93750,-0.00765367,-0.59222
0.02,0.94141,-0.0071979,-0.48094
0.02,0.94531,-0.0067378,-0.39333
0.02,0.94922,-0.00627363,-0.22773
0.02,0.95312,-0.00580569,-0.0012111
0.02,0.95703,-0.00533426,0.071137
0.02,0.96094,-0.0048596,0.12283
0.02,0.96484,-0.00438202,0.39908
0.02,0.96875,-0.00390181,0.56698
0.02,0.97266,-0.00341924,0.7324
0.02,0.97656,-0.00293461,0.90002
0.02,0.98047,-0.00244821,1.136
0.02,0.98438,-0.00196034,1.0579
0.02,0.98828,-0.00147129,1.4211
0.02,0.99219,-0.000981353,1.5016
0.02,0.99609,-0.000490825,1.6025
0.08,0.00000,0,4.5493
0.08,0.00391,0.0019633,5.6393
0.08,0.00781,0.00392541,6.412
0.08,0.01172,0.00588517,6.7724
0.08,0.01562,0.00784137,7.2103
0.08,0.01953,0.00979285,7.7517
0.08,0.02344,0.0117384,8.2746
0.08,0.02734,0.013677,9.3759
0.08,0.03125,0.0156072,9.9502
0.08,0.03516,0.0175281,10.69
0.08,0.03906,0.0194384,10.686
0.08,0.04297,0.021337,12.046
0.08,0.04688,0.0232228,13.07
0.08,0.05078,0.0250945,12.855
0.08,0.05469,0.0269512,13.856
0.08,0.05859,0.0287916,13.623
0.08,0.06250,0.0306147,15.574
0.08,0.06641,0.0324193,15.605
0.08,0.07031,0.0342044,16.474
0.08,0.07422,0.0359689,16.803
0.08,0.07812,0.0377117,16.806
0.08,0.08203,0.0394319,18.208
0.08,0.08594,0.0411282,18.703
0.08,0.08984,0.0427998,19.706
0.08,0.09375,0.0444456,19.76
0.08,0.09766,0.0460647,19.662
0.08,0.10156,0.0476559,21.381
0.08,0.10547,0.0492185,21.961
0.08,0.10938,0.0507515,23.007
0.08,0.11328,0.0522538,23.112
0.08,0.11719,0.0537247,23.941
0.08,0.12109,0.0551632,24.598
0.08,0.12500,0.0565685,25.114
0.08,0.12891,0.0579398,26.207
0.08,0.13281,0.0592761,26.534
0.08,0.13672,0.0605767,27.071
0.08,0.14062,0.0618408,27.602
0.08,0.14453,0.0630677,28.32
0.08,0.14844,0.0642566,29.538
0.08,0.15234,0.0654068,29.461
0.08,0.15625,0.0665176,29.844
0.08,0.16016,0.0675883,30.625
0.08,0.16406,0.0686183,31.361
0.08,0.16797,0.069607,31.55
0.08,0.17188,0.0705537,32.139
0.08,0.17578,0.0714579,32.638
0.08,0.17969,0.0723191,33.077
0.08,0.18359,0.0731368,33.26
0.08,0.18750,0.0739104,33.035
0.08,0.19141,0.0746394,33.798
0.08,0.19531,0.0753235,33.897
0.08,0.19922,0.0759623,34.642
0.08,0.20312,0.0765552,35.065
0.08,0.20703,0.0771021,34.677
0.08,0.21094,0.0776025,35.236
0.08,0.21484,0.0780562,35.241
0.08,0.21875,0.0784628,35.13
0.08,0.22266,0.0788222,35.771
0.08,0.22656,0.0791341,35.15
0.08,0.23047,0.0793984,35.069
0.08,0.23438,0.0796148,34.966
0.08,0.23828,0.0797832,35.569
0.08,0.24219,0.0799036,34.82
0.08,0.24609,0.0799759,34.659
0.08,0.25000,0.08,35.095
0.08,0.25391,0.0799759,34.604
0.08,0.25781,0.0799036,34.179
0.08,0.26172,0.0797832,33.673
0.08,0.26562,0.0796148,33.775
0.08,0.26953,0.0793984,33.018
0.08,0.27344,0.0791341,33.139
0.08,0.27734,0.0788222,32.777
0.08,0.28125,0.0784628,32.333
0.08,0.28516,0.0780562,32.035
0.08,0.28906,0.0776025,31.77
0.08,0.29297,0.0771021,30.484
0.08,0.29688,0.0765552,30.291
0.08,0.30078,0.0759623,30.433
0.08,0.30469,0.0753235,29.62
0.08,0.30859,0.0746394,29.446
0.08,0.31250,0.0739104,29.197
0.08,0.31641,0.0731368,28.578
0.08,0.32031,0.0723191,27.791
0.08,0.32422,0.0714579,26.871
0.08,0.32812,0.0705537,26.625
0.08,0.33203,0.069607,25.353
0.08,0.33594,0.0686183,24.97
0.08,0.33984,0.0675883,24.131
0.08,0.34375,0.0665176,23.362
0.08,0.34766,0.0654068,22.558
0.08,0.35156,0.0642566,22.243
0.08,0.35547,0.0630677,20.821
0.08,0.35938,0.0618408,19.932
0.08,0.36328,0.0605767,20.206
0.08,0.36719,0.0592761,19.233
0.08,0.37109,0.0579398,18.608
0.08,0.37500,0.0565685,17.498
0.08,0.37891,0.0551632,16.923
0.08,0.38281,0.0537247,15.798
0.08,0.38672,0.0522538,14.999
0.08,0.39062,0.0507515,13.999
0.08,0.39453,0.0492185,14.23
0.08,0.39844,0.0476559,12.478
0.08,0.40234,0.0460647,12.579
0.08,0.40625,0.0444456,10.822
0.08,0.41016,0.0427998,10.153
0.08,0.41406,0.0411282,10.126
0.08,0.41797,0.0394319,9.1375
0.08,0.42188,0.0377117,8.3218
0.08,0.42578,0.0359689,7.1035
0.08,0.42969,0.0342044,7.0275
0.08,0.43359,0.0324193,5.6571
0.08,0.43750,0.0306147,5.3443
0.08,0.44141,0.0287916,4.2753
0.08,0.44531,0.0269512,4.3703
0.08,0.44922,0.0250945,3.2783
0.08,0.45312,0.0232228,2.9303
0.08,0.45703,0.021337,1.7364
0.08,0.46094,0.0194384,0.88218
0.08,0.46484,0.0175281,0.0036062
0.08,0.46875,0.0156072,-0.067973
0.08,0.47266,0.013677,-0.36971
0.08,0.47656,0.0117384,-1.2229
0.08,0.48047,0.00979285,-2.2745
0.08,0.48438,0.00784137,-2.7912
0.08,0.48828,0.00588517,-3.3935
0.08,0.49219,0.00392541,-3.844
0.08,0.49609,0.0019633,-4.1832
0.08,0.50000,9.79717e-18,-4.9688
0.08,0.50391,-0.0019633,-5.3557
0.08,0.50781,-0.00392541,-6.0375
0.08,0.51172,-0.00588517,-7.136
0.08,0.51562,-0.00784137,-7.3344
0.08,0.51953,-0.00979285,-8.3078
0.08,0.52344,-0.0117384,-8.5148
0.08,0.52734,-0.013677,-8.9905
0.08,0.53125,-0.0156072,-10.015
0.08,0.53516,-0.0175281,-10.809
0.08,0.53906,-0.0194384,-10.88
0.08,0.54297,-0.021337,-11.61
0.08,0.54688,-0.0232228,-11.78
0.08,0.55078,-0.0250945,-13.044
0.08,0.55469,-0.0269512,-12.872
0.08,0.55859,-0.0287916,-13.854
0.08,0.56250,-0.0306147,-15.258
0.08,0.56641,-0.0324193,-15.615
0.08,0.57031,-0.0342044,-16.024
0.08,0.57422,-0.0359689,-16.736
0.08,0.57812,-0.0377117,-17.671
0.08,0.58203,-0.0394319,-18.666
0.08,0.58594,-0.0411282,-18.809
0.08,0.58984,-0.0427998,-19.454
0.08,0.59375,-0.0444456,-19.849
0.08,0.59766,-0.0460647,-20.66
0.08,0.60156,-0.0476559,-21.779
0.08,0.60547,-0.0492185,-21.803
0.08,0.60938,-0.0507515,-22.954
0.08,0.61328,-0.0522538,-23.076
0.08,0.61719,-0.0537247,-24.236
0.08,0.62109,-0.0551632,-24.917
0.08,0.62500,-0.0565685,-25.373
0.08,0.62891,-0.0579398,-25.735
0.08,0.63281,-0.0592761,-26.538
0.08,0.63672,-0.0605767,-27.698
0.08,0.64062,-0.0618408,-27.5
0.08,0.64453,-0.0630677,-28.659
0.08,0.64844,-0.0642566,-29.498
0.08,0.65234,-0.0654068,-30.138
0.08,0.65625,-0.0665176,-29.616
0.08,0.66016,-0.0675883,-30.05
0.08,0.66406,-0.0686183,-31.266
0.08,0.66797,-0.069607,-31.646
0.08,0.67188,-0.0705537,-32.008
0.08,0.67578,-0.0714579,-32.852
0.08,0.67969,-0.0723191,-32.76
0.08,0.68359,-0.0731368,-32.983
0.08,0.68750,-0.0739104,-33.669
0.08,0.69141,-0.0746394,-33.752
0.08,0.69531,-0.0753235,-34.269
0.08,0.69922,-0.0759623,-34.022
0.08,0.70312,-0.0765552,-34.932
0.08,0.70703,-0.0771021,-34.971
0.08,0.71094,-0.0776025,-34.469
0.08,0.71484,-0.0780562,-35.042
0.08,0.71875,-0.0784628,-34.36
0.08,0.72266,-0.0788222,-35.015
0.08,0.72656,-0.0791341,-34.899
0.08,0.73047,-0.0793984,-35.079
0.08,0.73438,-0.0796148,-35.536
0.08,0.73828,-0.0797832,-34.865
0.08,0.74219,-0.0799036,-35.43
0.08,0.74609,-0.0799759,-35.501
0.08,0.75000,-0.08,-34.578
0.08,0.75391,-0.0799759,-34.126
0.08,0.75781,-0.0799036,-33.796
0.08,0.76172,-0.0797832,-33.826
0.08,0.76562,-0.0796148,-33.717
0.08,0.76953,-0.0793984,-33.44
0.08,0.77344,-0.0791341,-32.882
0.08,0.77734,-0.0788222,-32.371
0.08,0.78125,-0.0784628,-32.348
0.08,0.78516,-0.0780562,-31.743
0.08,0.78906,-0.0776025,-31.146
0.08,0.79297,-0.0771021,-30.694
0.08,0.79688,-0.0765552,-30.247
0.08,0.80078,-0.0759623,-29.882
0.08,0.80469,-0.0753235,-29.062
0.08,0.80859,-0.0746394,-29.457
0.08,0.81250,-0.0739104,-28.007
0.08,0.81641,-0.0731368,-28.004
0.08,0.82031,-0.0723191,-27.987
0.08,0.82422,-0.0714579,-26.79
0.08,0.82812,-0.0705537,-26.093
0.08,0.83203,-0.069607,-26.026
0.08,0.83594,-0.0686183,-24.887
0.08,0.83984,-0.0675883,-24.99
0.08,0.84375,-0.0665176,-22.923
0.08,0.84766,-0.0654068,-22.905
0.08,0.85156,-0.0642566,-22.092
0.08,0.85547,-0.0630677,-21.017
0.08,0.85938,-0.0618408,-20.605
0.08,0.86328,-0.0605767,-20.297
0.08,0.86719,-0.0592761,-19.769
0.08,0.87109,-0.0579398,-18.082
0.08,0.87500,-0.0565685,-17.255
0.08,0.87891,-0.0551632,-16.907
0.08,0.88281,-0.0537247,-16.675
0.08,0.88672,-0.0522538,-15.064
0.08,0.89062,-0.0507515,-14.395
0.08,0.89453,-0.0492185,-13.382
0.08,0.89844,-0.0476559,-13.092
0.08,0.90234,-0.0460647,-12.765
0.08,0.90625,-0.0444456,-11.438
0.08,0.91016,-0.0427998,-10.195
0.08,0.91406,-0.0411282,-9.3294
0.08,0.91797,-0.0394319,-9.0551
0.08,0.92188,-0.0377117,-8.3742
0.08,0.92578,-0.0359689,-8.065
0.08,0.92969,-0.0342044,-6.2675
0.08,0.93359,-0.0324193,-6.1174
0.08,0.93750,-0.0306147,-5.4899
0.08,0.94141,-0.0287916,-4.8423
0.08,0.94531,-0.0269512,-3.9676
0.08,0.94922,-0.0250945,-2.991
0.08,0.95312,-0.0232228,-2.5932
0.08,0.95703,-0.021337,-1.3136
0.08,0.96094,-0.0194384,-0.90271
0.08,0.96484,-0.0175281,-0.35257
0.08,0.96875,-0.0156072,0.61422
0.08,0.97266,-0.013677,0.36263
0.08,0.97656,-0.0117384,1.4602
0.08,0.98047,-0.00979285,2.3051
0.08,0.98438,-0.00784137,2.9231
0.08,0.98828,-0.00588517,3.087
0.08,0.99219,-0.00392541,3.4109
0.08,0.99609,-0.0019633,3.7726
0.3,0.00000,0,12.197
0.3,0.00391,0.00736237,13.853
0.3,0.00781,0.0147203,16.049
0.3,0.01172,0.0220694,18.799
0.3,0.01562,0.0294051,21.169
0.3,0.01953,0.0367232,23.54
0.3,0.02344,0.0440191,27.83
0.3,0.02734,0.0512886,29.138
0.3,0.03125,0.0585271,32.964
0.3,0.03516,0.0657304,36.643
0.3,0.03906,0.0728941,41.64
0.3,0.04297,0.0800138,46.796
0.3,0.04688,0.0870854,49.757
0.3,0.05078,0.0941045,54.965
0.3,0.05469,0.101067,60.004
0.3,0.05859,0.107969,64.958
0.3,0.06250,0.114805,68.038
0.3,0.06641,0.121572,70.465
0.3,0.07031,0.128267,72.979
0.3,0.07422,0.134883,75.19
0.3,0.07812,0.141419,79.938
0.3,0.08203,0.147869,83.204
0.3,0.08594,0.154231,84.977
0.3,0.08984,0.160499,89.308
0.3,0.09375,0.166671,87.939
0.3,0.09766,0.172742,90.119
0.3,0.10156,0.17871,89.797
0.3,0.10547,0.184569,94.234
0.3,0.10938,0.190318,93.459
0.3,0.11328,0.195952,93.061
0.3,0.11719,0.201468,95.277
0.3,0.12109,0.206862,97.355
0.3,0.12500,0.212132,98.248
0.3,0.12891,0.217274,96.398
0.3,0.13281,0.222285,97.463
0.3,0.13672,0.227163,96.59
0.3,0.14062,0.231903,96.866
0.3,0.14453,0.236504,96.602
0.3,0.14844,0.240962,98.601
0.3,0.15234,0.245275,96.336
0.3,0.15625,0.249441,94.952
0.3,0.16016,0.253456,95.684
0.3,0.16406,0.257319,96.016
0.3,0.16797,0.261026,96.588
0.3,0.17188,0.264576,95.662
0.3,0.17578,0.267967,96.161
0.3,0.17969,0.271197,95.929
0.3,0.18359,0.274263,95.101
0.3,0.18750,0.277164,95.831
0.3,0.19141,0.279898,93.991
0.3,0.19531,0.282463,93.594
0.3,0.19922,0.284858,95.166
0.3,0.20312,0.287082,93.989
0.3,0.20703,0.289133,90.789
0.3,0.21094,0.291009,92.795
0.3,0.21484,0.292711,93.393
0.3,0.21875,0.294236,93.892
0.3,0.22266,0.295583,92.727
0.3,0.22656,0.296753,91.964
0.3,0.23047,0.297744,92.204
0.3,0.23438,0.298555,91.716
0.3,0.23828,0.299187,91.345
0.3,0.24219,0.299639,88.589
0.3,0.24609,0.29991,88.983
0.3,0.25000,0.3,86.863
0.3,0.25391,0.29991,88.6
0.3,0.25781,0.299639,86.322
0.3,0.26172,0.299187,85.462
0.3,0.26562,0.298555,87.714
0.3,0.26953,0.297744,84.494
0.3,0.27344,0.296753,84.753
0.3,0.27734,0.295583,84.77
0.3,0.28125,0.294236,84.253
0.3,0.28516,0.292711,85.207
0.3,0.28906,0.291009,84.398
0.3,0.29297,0.289133,82.571
0.3,0.29688,0.287082,84.032
0.3,0.30078,0.284858,82.739
0.3,0.30469,0.282463,82.223
0.3,0.30859,0.279898,83.104
0.3,0.31250,0.277164,82.728
0.3,0.31641,0.274263,82.224
0.3,0.32031,0.271197,81.058
0.3,0.32422,0.267967,81.743
0.3,0.32812,0.264576,80.279
0.3,0.33203,0.261026,81.955
0.3,0.33594,0.257319,80.717
0.3,0.33984,0.253456,80.669
0.3,0.34375,0.249441,81.17
0.3,0.34766,0.245275,80.04
0.3,0.35156,0.240962,80.393
0.3,0.35547,0.236504,78.919
0.3,0.35938,0.231903,79.514
0.3,0.36328,0.227163,79.729
0.3,0.36719,0.222285,76.605
0.3,0.37109,0.217274,77.421
0.3,0.37500,0.212132,77.356
0.3,0.37891,0.206862,76.418
0.3,0.38281,0.201468,76.252
0.3,0.38672,0.195952,76.018
0.3,0.39062,0.190318,73.98
0.3,0.39453,0.184569,73.165
0.3,0.39844,0.17871,71.782
0.3,0.40234,0.172742,70.822
0.3,0.40625,0.166671,68.855
0.3,0.41016,0.160499,67.615
0.3,0.41406,0.154231,65.008
0.3,0.41797,0.147869,60.888
0.3,0.42188,0.141419,58.96
0.3,0.42578,0.134883,56.584
0.3,0.42969,0.128267,52.44
0.3,0.43359,0.121572,46.018
0.3,0.43750,0.114805,46.541
0.3,0.44141,0.107969,41.139
0.3,0.44531,0.101067,36.727
0.3,0.44922,0.0941045,32.377
0.3,0.45312,0.0870854,26.85
0.3,0.45703,0.0800138,23.257
0.3,0.46094,0.0728941,18.587
0.3,0.46484,0.0657304,13.989
0.3,0.46875,0.0585271,10.997
0.3,0.47266,0.0512886,7.5784
0.3,0.47656,0.0440191,4.8564
0.3,0.48047,0.0367232,0.95524
0.3,0.48438,0.0294051,-2.3013
0.3,0.48828,0.0220694,-4.2227
0.3,0.49219,0.0147203,-6.1787
0.3,0.49609,0.00736237,-8.5532
0.3,0.50000,3.67394e-17,-11.94
0.3,0.50391,-0.00736237,-13.849
0.3,0.50781,-0.0147203,-16.495
0.3,0.51172,-0.0220694,-16.558
0.3,0.51562,-0.0294051,-20.259
0.3,0.51953,-0.0367232,-22.846
0.3,0.52344,-0.0440191,-28.048
0.3,0.52734,-0.0512886,-30.078
0.3,0.53125,-0.0585271,-32.688
0.3,0.53516,-0.0657304,-39.114
0.3,0.53906,-0.0728941,-42.056
0.3,0.54297,-0.0800138,-48.036
0.3,0.54688,-0.0870854,-47.575
0.3,0.55078,-0.0941045,-54.584
0.3,0.55469,-0.101067,-59.57
0.3,0.55859,-0.107969,-62.36
0.3,0.56250,-0.114805,-67.573
0.3,0.56641,-0.121572,-70.298
0.3,0.57031,-0.128267,-74.848
0.3,0.57422,-0.134883,-76.477
0.3,0.57812,-0.141419,-81.108
0.3,0.58203,-0.147869,-82.919
0.3,0.58594,-0.154231,-86.346
0.3,0.58984,-0.160499,-87.227
0.3,0.59375,-0.166671,-89.262
0.3,0.59766,-0.172742,-91.891
0.3,0.60156,-0.17871,-90.231
0.3,0.60547,-0.184569,-93.276
0.3,0.60938,-0.190318,-94.021
0.3,0.61328,-0.195952,-93.877
0.3,0.61719,-0.201468,-96.336
0.3,0.62109,-0.206862,-96.968
0.3,0.62500,-0.212132,-96.953
0.3,0.62891,-0.217274,-95.581
0.3,0.63281,-0.222285,-97.781
0.3,0.63672,-0.227163,-94.459
0.3,0.64062,-0.231903,-96.822
0.3,0.64453,-0.236504,-96.709
0.3,0.64844,-0.240962,-96.586
0.3,0.65234,-0.245275,-97.591
0.3,0.65625,-0.249441,-96.909
0.3,0.66016,-0.253456,-97.326
0.3,0.66406,-0.257319,-96.666
0.3,0.66797,-0.261026,-96.613
0.3,0.67188,-0.264576,-94.793
0.3,0.67578,-0.267967,-95.746
0.3,0.67969,-0.271197,-95.667
0.3,0.68359,-0.274263,-95.58
0.3,0.68750,-0.277164,-95.862
0.3,0.69141,-0.279898,-95.746
0.3,0.69531,-0.282463,-94.754
0.3,0.69922,-0.284858,-93.028
0.3,0.70312,-0.287082,-93.421
0.3,0.70703,-0.289133,-94.15
0.3,0.71094,-0.291009,-93.95
0.3,0.71484,-0.292711,-93.122
0.3,0.71875,-0.294236,-91.452
0.3,0.72266,-0.295583,-91.073
0.3,0.72656,-0.296753,-92.004
0.3,0.73047,-0.297744,-91.773
0.3,0.73438,-0.298555,-90.246
0.3,0.73828,-0.299187,-90.95
0.3,0.74219,-0.299639,-89.904
0.3,0.74609,-0.29991,-87.502
0.3,0.75000,-0.3,-88.912
0.3,0.75391,-0.29991,-87.443
0.3,0.75781,-0.299639,-86.968
0.3,0.76172,-0.299187,-85.549
0.3,0.76562,-0.298555,-85.716
0.3,0.76953,-0.297744,-86.883
0.3,0.77344,-0.296753,-86.139
0.3,0.77734,-0.295583,-84.228
0.3,0.78125,-0.294236,-84.483
0.3,0.78516,-0.292711,-84.577
0.3,0.78906,-0.291009,-85.113
0.3,0.79297,-0.289133,-83.282
0.3,0.79688,-0.287082,-83.71
0.3,0.80078,-0.284858,-82.348
0.3,0.80469,-0.282463,-82.471
0.3,0.80859,-0.279898,-83.417
0.3,0.81250,-0.277164,-83.538
0.3,0.81641,-0.274263,-82.645
0.3,0.82031,-0.271197,-81.545
0.3,0.82422,-0.267967,-81.011
0.3,0.82812,-0.264576,-83.323
0.3,0.83203,-0.261026,-79.939
0.3,0.83594,-0.257319,-80.772
0.3,0.83984,-0.253456,-81.098
0.3,0.84375,-0.249441,-82.421
0.3,0.84766,-0.245275,-81.258
0.3,0.85156,-0.240962,-78.853
0.3,0.85547,-0.236504,-79.582
0.3,0.85938,-0.231903,-79.19
0.3,0.86328,-0.227163,-79.204
0.3,0.86719,-0.222285,-78.895
0.3,0.87109,-0.217274,-78.217
0.3,0.87500,-0.212132,-76.449
0.3,0.87891,-0.206862,-75.8
0.3,0.88281,-0.201468,-75.235
0.3,0.88672,-0.195952,-75.183
0.3,0.89062,-0.190318,-73.548
0.3,0.89453,-0.184569,-71.263
0.3,0.89844,-0.17871,-70.581
0.3,0.90234,-0.172742,-68.586
0.3,0.90625,-0.166671,-69.489
0.3,0.91016,-0.160499,-68.081
0.3,0.91406,-0.154231,-63.193
0.3,0.91797,-0.147869,-61.619
0.3,0.92188,-0.141419,-62.197
0.3,0.92578,-0.134883,-54.925
0.3,0.92969,-0.128267,-51.243
0.3,0.93359,-0.121572,-48.375
0.3,0.93750,-0.114805,-44.677
0.3,0.94141,-0.107969,-42.194
0.3,0.94531,-0.101067,-35.397
0.3,0.94922,-0.0941045,-29.615
0.3,0.95312,-0.0870854,-25.116
0.3,0.95703,-0.0800138,-23.184
0.3,0.96094,-0.0728941,-18.772
0.3,0.96484,-0.0657304,-14.013
0.3,0.96875,-0.0585271,-11.966
0.3,0.97266,-0.0512886,-7.7018
0.3,0.97656,-0.0440191,-3.0971
0.3,0.98047,-0.0367232,-0.38907
0.3,0.98438,-0.0294051,1.6695
0.3,0.98828,-0.0220694,4.7177
0.3,0.99219,-0.0147203,6.0583
0.3,0.99609,-0.00736237,9.152
1,0.00000,0,23.869
1,0.00391,0.0245412,29.698
1,0.00781,0.0490677,39.563
1,0.01172,0.0735646,52.969
1,0.01562,0.0980171,67.13
1,0.01953,0.122411,83.566
1,0.02344,0.14673,92.621
1,0.02734,0.170962,101.25
1,0.03125,0.19509,107.43
1,0.03516,0.219101,107.51
1,0.03906,0.24298,112.55
1,0.04297,0.266713,112.52
1,0.04688,0.290285,110.72
1,0.05078,0.313682,111.36
1,0.05469,0.33689,109.44
1,0.05859,0.359895,108.86
1,0.06250,0.382683,108.44
1,0.06641,0.405241,108.64
1,0.07031,0.427555,105.46
1,0.07422,0.449611,106.89
1,0.07812,0.471397,104.55
1,0.08203,0.492898,104.21
1,0.08594,0.514103,101.59
1,0.08984,0.534998,101.14
1,0.09375,0.55557,102.4
1,0.09766,0.575808,98.419
1,0.10156,0.595699,96.997
1,0.10547,0.615232,100.17
1,0.10938,0.634393,94.597
1,0.11328,0.653173,97.247
1,0.11719,0.671559,94.72
1,0.12109,0.689541,94.595
1,0.12500,0.707107,92.127
1,0.12891,0.724247,93.278
1,0.13281,0.740951,91.341
1,0.13672,0.757209,92.168
1,0.14062,0.77301,92.12
1,0.14453,0.788346,89.397
1,0.14844,0.803208,91.518
1,0.15234,0.817585,90.855
1,0.15625,0.83147,86.856
1,0.16016,0.844854,88.088
1,0.16406,0.857729,87.188
1,0.16797,0.870087,91.474
1,0.17188,0.881921,86.905
1,0.17578,0.893224,84.724
1,0.17969,0.903989,85.913
1,0.18359,0.91421,83.642
1,0.18750,0.92388,83.654
1,0.19141,0.932993,85.383
1,0.19531,0.941544,83.268
1,0.19922,0.949528,82.769
1,0.20312,0.95694,83.238
1,0.20703,0.963776,83.57
1,0.21094,0.970031,81.016
1,0.21484,0.975702,78.677
1,0.21875,0.980785,79.104
1,0.22266,0.985278,78.74
1,0.22656,0.989177,77.387
1,0.23047,0.99248,77.418
1,0.23438,0.995185,74.859
1,0.23828,0.99729,76.717
1,0.24219,0.998795,73.967
1,0.24609,0.999699,70.08
1,0.25000,1,69.867
1,0.25391,0.999699,68.618
1,0.25781,0.998795,66.834
1,0.26172,0.99729,66.937
1,0.26562,0.995185,62.977
1,0.26953,0.99248,61.487
1,0.27344,0.989177,63.442
1,0.27734,0.985278,61.262
1,0.28125,0.980785,60.678
1,0.28516,0.975702,61.472
1,0.28906,0.970031,58.85
1,0.29297,0.963776,57.932
1,0.29688,0.95694,57.7
1,0.30078,0.949528,59.391
1,0.30469,0.941544,58.025
1,0.30859,0.932993,57.002
1,0.31250,0.92388,55.163
1,0.31641,0.91421,58.026
1,0.32031,0.903989,55.768
1,0.32422,0.893224,57.505
1,0.32812,0.881921,56.081
1,0.33203,0.870087,56.723
1,0.33594,0.857729,55.438
1,0.33984,0.844854,56.517
1,0.34375,0.83147,53.661
1,0.34766,0.817585,55.098
1,0.35156,0.803208,56.551
1,0.35547,0.788346,57.64
1,0.35938,0.77301,56.507
1,0.36328,0.757209,55.227
1,0.36719,0.740951,55.376
1,0.37109,0.724247,56.312
1,0.37500,0.707107,54.981
1,0.37891,0.689541,57.699
1,0.38281,0.671559,59.018
1,0.38672,0.653173,56.378
1,0.39062,0.634393,54.702
1,0.39453,0.615232,56.653
1,0.39844,0.595699,57.666
1,0.40234,0.575808,57.642
1,0.40625,0.55557,60.118
1,0.41016,0.534998,60.337
1,0.41406,0.514103,58.77
1,0.41797,0.492898,61.63
1,0.42188,0.471397,62.793
1,0.42578,0.449611,59.639
1,0.42969,0.427555,61.969
1,0.43359,0.405241,63.12
1,0.43750,0.382683,65.371
1,0.44141,0.359895,62.753
1,0.44531,0.33689,64.913
1,0.44922,0.313682,65.168
1,0.45312,0.290285,65.48
1,0.45703,0.266713,66.46
1,0.46094,0.24298,67.213
1,0.46484,0.219101,65.838
1,0.46875,0.19509,63.916
1,0.47266,0.170962,56.875
1,0.47656,0.14673,49.56
1,0.48047,0.122411,38.403
1,0.48438,0.0980171,25.033
1,0.48828,0.0735646,7.292
1,0.49219,0.0490677,-4.7702
1,0.49609,0.0245412,-15.894
1,0.50000,1.22465e-16,-22.13
1,0.50391,-0.0245412,-32.107
1,0.50781,-0.0490677,-41.67
1,0.51172,-0.0735646,-53.37
1,0.51562,-0.0980171,-69.673
1,0.51953,-0.122411,-82.421
1,0.52344,-0.14673,-95.242
1,0.52734,-0.170962,-104.87
1,0.53125,-0.19509,-107.93
1,0.53516,-0.219101,-108.49
1,0.53906,-0.24298,-110.37
1,0.54297,-0.266713,-110.37
1,0.54688,-0.290285,-113.75
1,0.55078,-0.313682,-110.52
1,0.55469,-0.33689,-108.39
1,0.55859,-0.359895,-108.4
1,0.56250,-0.382683,-106.19
1,0.56641,-0.405241,-105.55
1,0.57031,-0.427555,-105.74
1,0.57422,-0.449611,-103.07
1,0.57812,-0.471397,-101.53
1,0.58203,-0.492898,-101.46
1,0.58594,-0.514103,-100.71
1,0.58984,-0.534998,-101.95
1,0.59375,-0.55557,-99.609
1,0.59766,-0.575808,-98.688
1,0.60156,-0.595699,-99.343
1,0.60547,-0.615232,-97.873
1,0.60938,-0.634393,-97.516
1,0.61328,-0.653173,-94.715
1,0.61719,-0.671559,-96.539
1,0.62109,-0.689541,-94.5
1,0.62500,-0.707107,-94.135
1,0.62891,-0.724247,-92.846
1,0.63281,-0.740951,-92.874
1,0.63672,-0.757209,-93.2
1,0.64062,-0.77301,-91.315
1,0.64453,-0.788346,-88.809
1,0.64844,-0.803208,-89.868
1,0.65234,-0.817585,-88.629
1,0.65625,-0.83147,-91.005
1,0.66016,-0.844854,-86.603
1,0.66406,-0.857729,-86.691
1,0.66797,-0.870087,-87.578
1,0.67188,-0.881921,-86.078
1,0.67578,-0.893224,-84.343
1,0.67969,-0.903989,-85.756
1,0.68359,-0.91421,-86.318
1,0.68750,-0.92388,-83.564
1,0.69141,-0.932993,-84.142
1,0.69531,-0.941544,-82.676
1,0.69922,-0.949528,-82.973
1,0.70312,-0.95694,-83.68
1,0.70703,-0.963776,-81.827
1,0.71094,-0.970031,-80.01
1,0.71484,-0.975702,-81.135
1,0.71875,-0.980785,-77.309
1,0.72266,-0.985278,-80.628
1,0.72656,-0.989177,-78.519
1,0.73047,-0.99248,-76.334
1,0.73438,-0.995185,-75.451
1,0.73828,-0.99729,-73.695
1,0.74219,-0.998795,-73.178
1,0.74609,-0.999699,-70.071
1,0.75000,-1,-70.349
1,0.75391,-0.999699,-67.083
1,0.75781,-0.998795,-67.046
1,0.76172,-0.99729,-63.825
1,0.76562,-0.995185,-64.333
1,0.76953,-0.99248,-63.558
1,0.77344,-0.989177,-62.435
1,0.77734,-0.985278,-62.729
1,0.78125,-0.980785,-61.483
1,0.78516,-0.975702,-62.255
1,0.78906,-0.970031,-60.267
1,0.79297,-0.963776,-59.51
1,0.79688,-0.95694,-58.254
1,0.80078,-0.949528,-59.029
1,0.80469,-0.941544,-59.618
1,0.80859,-0.932993,-57.877
1,0.81250,-0.92388,-58.184
1,0.81641,-0.91421,-58.255
1,0.82031,-0.903989,-55.041
1,0.82422,-0.893224,-57.015
1,0.82812,-0.881921,-53.323
1,0.83203,-0.870087,-56.784
1,0.83594,-0.857729,-57.422
1,0.83984,-0.844854,-56.399
1,0.84375,-0.83147,-56.956
1,0.84766,-0.817585,-55.133
1,0.85156,-0.803208,-56.506
1,0.85547,-0.788346,-55.898
1,0.85938,-0.77301,-55.053
1,0.86328,-0.757209,-56.11
1,0.86719,-0.740951,-55.856
1,0.87109,-0.724247,-56.842
1,0.87500,-0.707107,-55.281
1,0.87891,-0.689541,-54.619
1,0.88281,-0.671559,-56.926
1,0.88672,-0.653173,-58.017
1,0.89062,-0.634393,-57.065
1,0.89453,-0.615232,-55.574
1,0.89844,-0.595699,-58.077
1,0.90234,-0.575808,-56.612
1,0.90625,-0.55557,-59.638
1,0.91016,-0.534998,-59.334
1,0.91406,-0.514103,-58.507
1,0.91797,-0.492898,-59.915
1,0.92188,-0.471397,-61.328
1,0.92578,-0.449611,-59.541
1,0.92969,-0.427555,-62.228
1,0.93359,-0.405241,-62.788
1,0.93750,-0.382683,-63.973
1,0.94141,-0.359895,-65.413
1,0.94531,-0.33689,-65.019
1,0.94922,-0.313682,-64.48
1,0.95312,-0.290285,-66.567
1,0.95703,-0.266713,-65.259
1,0.96094,-0.24298,-67.274
1,0.96484,-0.219101,-64.842
1,0.96875,-0.19509,-61.627
1,0.97266,-0.170962,-56.827
1,0.97656,-0.14673,-49.552
1,0.98047,-0.122411,-39.91
1,0.98438,-0.0980171,-23.502
1,0.98828,-0.0735646,-7.2741
1,0.99219,-0.0490677,5.54
1,0.99609,-0.0245412,14.709
